item,user,rating,timestamp
098949232X,A1GG51FWU0XQYH,5,1416355200
098949232X,AVFIDS9RK38E0,5,1416355200
098949232X,A2S4AVR5SJ7KMI,5,1416355200
098949232X,AEMMMVOR9BFLI,5,1416355200
098949232X,A2DZXMBTY7KLYP,5,1416355200
098949232X,AUD367H6I25FX,5,1416355200
098949232X,A3K6KUWAZ6SWHE,5,1416355200
098949232X,A1FPEO0ME9G4VY,5,1416355200
098949232X,A20AOY7UXJA710,5,1424390400
098949232X,A222LHL23AH0GK,5,1423785600
098949232X,AZSP9XAX38DG0,5,1423440000
098949232X,A1N5IO8FW9EE6R,5,1423267200
098949232X,A1QI7X0NQ1PUHD,5,1422835200
098949232X,A3SF5P30FK4Y5Y,5,1422748800
098949232X,A3KZZYLU5VT4VJ,5,1422316800
098949232X,ALK31UO248EH1,5,1422316800
098949232X,AP5I1RWKMQ6BT,5,1421971200
098949232X,A1TKWOUJB8OE8T,5,1421884800
098949232X,A1VKQUQJHJRA3F,5,1421884800
098949232X,A1399ZMDHQ1YH,5,1421712000
098949232X,A3RCQQS12E8HWO,3,1421712000
098949232X,AYPWQCYGKV62P,5,1421625600
098949232X,A2IV672K2N6CRV,5,1421539200
098949232X,A3LL8G3809MMDA,5,1421193600
098949232X,A29WEEXFOTK9JE,2,1421107200
098949232X,A147XLNBYU8THP,5,1421020800
098949232X,A2YJUJFY87HISE,5,1421020800
098949232X,A380EKJDMSWMB4,5,1420761600
098949232X,A2ZOZPDM2RR7S2,5,1420761600
098949232X,A2K5QCB5R7XE3V,5,1420675200
098949232X,A2VX8M6U3PMBM,5,1420416000
098949232X,A1PL17QT137YK0,4,1420070400
098949232X,A1VOUBLE55X39P,5,1419897600
098949232X,A3S3X0Q1VM15SL,5,1419379200
098949232X,A1ALMQ15D6V8VV,5,1419206400
098949232X,A1NZ2Z6Z518UBH,5,1418601600
098949232X,AH648WQ7CVM9X,5,1418083200
098949232X,A3575R37GXX67W,5,1417996800
098949232X,AK7QWUSSUT6KS,5,1417824000
098949232X,ATE9ACF6M2WSS,5,1417651200
098949232X,A2D2IJ76IZ98UF,5,1417564800
098949232X,A20ODTFAQA5VF1,5,1417564800
098949232X,A2PJY7ZP04Z23V,5,1417392000
098949232X,A686YHH09WUE3,5,1417392000
098949232X,A3958PLQ96OCPN,4,1417392000
098949232X,A10SN1SQ507562,5,1417392000
098949232X,A1PM6O509SL9TQ,5,1417305600
098949232X,A3220L80V20MUI,5,1417219200
098949232X,A281LG8W1UWMVZ,5,1417132800
098949232X,A26URHIOBATXI2,5,1417132800
098949232X,A26RPZ1CDWKOKY,5,1417132800
098949232X,A2Q4FPLECEFXE2,5,1417132800
098949232X,A1B3WULA4M1KYU,5,1417132800
098949232X,A2D34DBCOAO979,5,1416960000
098949232X,AEK3NOJ5N48D2,5,1416960000
098949232X,A20VF2GY7S7WYX,5,1416787200
098949232X,A112KPSCN3FJDA,5,1416787200
098949232X,A2DIMOJ5AJNY4K,5,1416787200
098949232X,A1M8O9WCHI2656,5,1416787200
098949232X,A38L9MF2I4FC5A,5,1416787200
098949232X,A2DWFTADPAM48E,5,1416700800
098949232X,A2F1AB2PUQ91HU,5,1416700800
098949232X,AXUVLTA0QMYAR,5,1416614400
098949232X,A3HHYWO8RWMUBG,5,1416614400
098949232X,A1XZT98PQNAEB2,5,1416614400
098949232X,A1TX21GC6R2CRS,5,1416528000
098949232X,A3IUV9X6QHWYKH,5,1416528000
098949232X,AEOLYKNEUFKS2,5,1416528000
098949232X,A2TB18AZZ1U6J2,5,1416528000
098949232X,A3DB5GKSZCTDT0,5,1416528000
098949232X,AQ4550FL74FBE,5,1416528000
098949232X,A255UO3FK7KND4,5,1416528000
098949232X,A2BVH51M4B01I9,5,1416441600
098949232X,A16DVRY6N9RQF2,5,1416441600
098949232X,A21KDGYIFAV018,5,1416441600
098949232X,A3NQFBEGMD2JMS,5,1416441600
098949232X,A2DYE366OS9XVF,5,1416441600
098949232X,AM5J3YZ1R9U7W,5,1416441600
098949232X,A17SUGK10PXC8V,5,1416441600
098949232X,A2J497YMEF1WC4,5,1416441600
098949232X,A25WAT1BP9NMCG,5,1416441600
098949232X,A3FPT4M5ZA7NM0,5,1416441600
098949232X,A1SW0N0J26HGMZ,5,1416441600
098949232X,A2LUS92H1LBEB2,5,1416441600
098949232X,A3SX1DNLZH4PSU,5,1416441600
098949232X,A3AB02MO1WY0LX,5,1416441600
098949232X,AOOW35R8KHI5J,5,1416441600
098949232X,A17FDVVRO4B2LJ,5,1416441600
098949232X,A3FQWM9KUX1YCD,5,1416441600
098949232X,A21S3JRGASGN7N,5,1416441600
098949232X,A1W9EV14U5VJ9L,5,1416441600
098949232X,AGXYPAKQU88AS,5,1416441600
098949232X,A7NH5H93YVDHS,5,1416441600
098949232X,A27ZP4WU6UCDTY,5,1416441600
098949232X,A10SAMS7ELBPYK,5,1416441600
098949232X,A3VSITGGLINVEB,5,1416441600
098949232X,A14H5C8FC62GDA,5,1416441600
098949232X,AUXGUREKT0MQT,5,1416441600
098949232X,A10D0HH4TYHVIH,5,1416441600
098949232X,ACLOIXA8ZQLAR,5,1416441600
098949232X,AR8TOBA4D54YE,5,1416441600
098949232X,AYVGWS9V6ETEY,5,1416441600
098949232X,A25A3J99RHS71Z,5,1416441600
098949232X,A1RO496ZK2JOE2,5,1416441600
098949232X,A2LGCS63F8J18I,5,1416441600
098949232X,A3GCONJPXB620K,5,1416441600
098949232X,A2QGPCGKAJBAXJ,5,1416441600
098949232X,A2TVPH9LJIIJ11,5,1416441600
098949232X,AXNCOIT49U2U6,5,1416441600
098949232X,A2KRZQZ659GYNE,5,1416441600
098949232X,A38Q6SFGBW0OYO,5,1416441600
098949232X,AI7JJQZIYE4WT,5,1416441600
098949232X,A3VM30T1KK6ZA4,5,1416441600
098949232X,A2WLITO37M6EQU,5,1416441600
098949232X,A33AETSBYI4MQX,5,1416441600
098949232X,A2XZ2FB1L0K16H,5,1416441600
098949232X,A2PR7MJZIOJMGD,5,1416441600
098949232X,AHNGL9R7Q8BZZ,5,1416441600
098949232X,A20PBEEYS060XC,5,1416441600
098949232X,A38N21E8CR2WQZ,5,1416441600
098949232X,AY0QXNZ5IHIIO,5,1416355200
098949232X,A1KT5N92JHREVH,5,1416355200
098949232X,AX3JRZL4OMDNF,5,1416355200
098949232X,A1G7Y6XPNMB3E9,5,1416355200
098949232X,A3LXSTKF68E2F5,5,1416355200
098949232X,AMG5L1X7G6F8U,5,1416355200
098949232X,AOHTP5AVG0OZK,5,1416355200
098949232X,A1NHWMVC816N2I,5,1416355200
098949232X,A3CPPKZ2XPHF4X,5,1416355200
098949232X,AWJ8BRWURBWUR,5,1416355200
098949232X,A27E0FH1LFPXLI,5,1416355200
098949232X,A2DHQEJM9TJJ02,5,1416355200
098949232X,A17P1LGWKS7KGP,5,1416355200
098949232X,A12JDJDVZFWQMS,5,1416355200
098949232X,A326ZLZ1DY9LRT,5,1416355200
098949232X,A3E1NQ7WYWR2VE,5,1416355200
098949232X,A214IB3HGZMB7M,5,1416355200
098949232X,A2ZPWI4WKSZ1KD,5,1416355200
098949232X,ABWGD085ZG1TZ,5,1416355200
098949232X,ABXK2PWORO3HD,5,1416355200
098949232X,A3N8L0D9R7NTAD,5,1416355200
098949232X,A2D5Y8BT42LYJO,5,1416355200
098949232X,AWQG4CSGA1S5F,5,1416355200
098949232X,A17VQSTL5R5EKO,5,1416355200
098949232X,A3JB0FJXDNS6LY,5,1416355200
098949232X,A2T97IV0729Z78,5,1416355200
098949232X,A1VRRNFGPI19PK,5,1416355200
098949232X,A13WKAGZM3POJ2,5,1416355200
098949232X,A1BELAILM0T0WJ,5,1416355200
098949232X,A1G2G2PWE8G3J3,5,1416355200
098949232X,A35QRG3QADESKU,5,1416355200
098949232X,A1SXUMESPH1LBI,5,1416355200
098949232X,A3MH87SMUYKPLD,5,1416355200
098949232X,A2KU23BZVUKW20,5,1416355200
098949232X,ACOCJO9LE63M6,5,1416355200
098949232X,A368OZFFODK03J,5,1416355200
098949232X,AAKKVN6IJJKO1,5,1416355200
098949232X,A1OJ3ZMCHTV81O,5,1416355200
098949232X,A1Y2MVR90M5J89,5,1416355200
098949232X,A2R67PC2DI9EP4,5,1416355200
098949232X,A3GLTLUUK5A9X9,5,1416355200
098949232X,A1349NOPLFY2A,5,1416355200
098949232X,A17QRVMDDM781G,5,1416355200
098949232X,A1B2I0FUDISM1B,5,1416355200
098949232X,A3VEL76PZ9I4DK,5,1416355200
098949232X,A1ZX0DT0NH1BYV,5,1416355200
098949232X,A2H6ENO9DGVB89,5,1416355200
098949232X,A1BLXAXOHYI0UY,5,1416355200
098949232X,A3OZOHIEKULX4B,5,1416355200
098949232X,A1QNIK87KA8JZG,5,1416355200
098949232X,A38YUXSOOC2Z6B,5,1416355200
098949232X,A10BL8BZ9SFK2L,5,1416355200
098949232X,A2VGQSEK2GUBR0,5,1416355200
098949232X,A124O7G1UKQ6EI,3,1416355200
098949232X,A3HQS324BKAW33,5,1416355200
098949232X,A1FIY00PI4P0AP,5,1416355200
098949232X,A380PEKZT3J1JG,5,1416355200
098949232X,ANWDUNFC9MSLM,5,1416355200
1060297744,A2I4MAI4M06CJW,4,1410048000
1060297744,AF4QUVHZTBGZS,1,1438732800
1060297744,A4SQID89X7ULQ,1,1437955200
1060297744,A10T1TZ4EI4YJ,5,1436313600
1060297744,A1KK9HLM9NNF1Y,4,1428624000
1060297744,A1ITKZMYPNFKUJ,3,1428537600
1060297744,AH2AWXHV24HFE,1,1427328000
1060297744,A3FBULBOTQH3F0,5,1427068800
1060297744,A1QG2CKG4J0T9P,1,1425427200
1060297744,A1MAY29RYFW3CP,5,1422144000
1060297744,AKV3DV32SAA91,5,1417996800
1060697254,ABND5QWWV5DQY,2,1437091200
1060697254,A3FTHDYUIRUT9H,3,1433289600
1060697254,AITN5QD6PAWZN,1,1419984000
1060697254,A30GOY6LFBLMYX,4,1416268800
1610121147,A2N7UZ8V17N5A1,2,1359849600
1610121147,A2RSOYO57N7F0M,1,1359504000
1610121147,A1MTVXQ394EU0N,2,1356998400
1610121147,A1WVHUIOSG2BWD,3,1356220800
1610121147,A2EBHQJNVQEZT5,4,1355788800
1610121147,A3DCXI6GGZKTCW,5,1354924800
1610121147,A2JRETZY36UICA,2,1354838400
1610121147,A19IYDXBMS6L7W,2,1354579200
1610121147,A4LCR7YSRMMY5,5,1405987200
1610121147,A30H8ULJHERB93,2,1404864000
1610121147,A2RUMCQ9AQ1278,1,1398643200
1610121147,A24HIXPQ7D6PKF,2,1394236800
1610121147,A11I9TGC1WKV2S,1,1394064000
1610121147,A3DZ03YB6048UO,1,1393286400
1610121147,A1X6XIYR0XURTG,3,1388102400
1610121147,A3JFV8EUDD7E3C,1,1387670400
1610121147,A3OO1KHIDTSFGR,1,1381881600
1610121147,A31GJB2JX108K5,4,1379289600
1610121147,A26N54P2OSL2MS,2,1376524800
1610121147,A3KP4M5XUT90AF,2,1376265600
1610121147,A1J7Y45SOA2BTW,5,1373328000
1610121147,A3U2NJZSVFX668,2,1370563200
1610121147,A2R5AYAUTVPJXC,3,1369785600
1610121147,A2VKJVZ7BQS8QS,2,1368748800
1610121147,AMTO9UTF64A4F,1,1362614400
1610121147,A2EG0REMK0N8JB,1,1360540800
1610121147,A1TEI1WZBD47NA,1,1360195200
1610121147,A2YI2D1P65W40E,1,1360195200
3993854748,ACDIG83PGHRKW,3,1384387200
3993854748,A3CDMUKSOO6YK0,5,1382140800
3993854748,A133BN0EMN0HYC,5,1380672000
3993854748,A1KSEWB8FZERZP,1,1378684800
3993854748,A3HEC2NEISQL27,4,1377820800
3993854748,A2Y0HD9OENT8LP,5,1376524800
3993854748,A290EELJMS4391,2,1371945600
3993854748,A2YJQEVDRTXAIC,1,1367798400
399889988X,A3H3U8U0PK8ITQ,1,1380067200
399889988X,ACU3LCRX4A8RV,5,1377388800
399889988X,AGFLSRH2TV0Q3,5,1376611200
399889988X,A3CU67N1W84BBQ,3,1400976000
399889988X,A3GHDQATD50SEG,5,1400889600
399889988X,A3R2V6LMAM3FL8,1,1399420800
399889988X,A1UTO1WRMMXB4N,2,1398816000
399889988X,A31X8FRC1RAECS,1,1398211200
399889988X,A1AVK0PGZMRGMR,2,1397952000
399889988X,A2J4YY0TKL7IO2,5,1397865600
399889988X,A35C4777EXZZQH,5,1397779200
399889988X,A2YO4SCWAWNYBI,5,1397347200
399889988X,A2ZKJYYFS0IW5Z,1,1396224000
399889988X,AMQ7073IO0BWO,1,1396137600
399889988X,A3RHXE7AVRYXVL,5,1394236800
399889988X,A2PGVWVK9IOEUJ,5,1392681600
399889988X,A3PYMMEMSO48C4,5,1392508800
399889988X,A61MT72MUE3DR,4,1391472000
399889988X,A1XBPVR8FE7TE1,5,1389139200
399889988X,A16IOLR9N1PDZ9,1,1387929600
399889988X,A25KQNCF8PGF2,4,1387497600
399889988X,A27HOLQIX2FBMY,1,1386979200
399889988X,A2NPARFPKFC7OX,4,1386288000
399889988X,A6Q0P54QSP11J,5,1386201600
399889988X,AF6CHOKEDT2NL,5,1385942400
399889988X,A6FGO4TBZ3QFZ,1,1384992000
399889988X,A3AFELPYTZH90T,5,1384905600
399889988X,A32MBJYE96YBHH,1,1384905600
399889988X,A3LA2VNUCQ8G2F,1,1384300800
399889988X,ANMATY0L0HX6Y,5,1383350400
399889988X,A2JWEDW5FSVB0F,5,1383177600
399889988X,AIOMAPWW12DZI,1,1382486400
399889988X,ATFBWQ4CO915J,5,1382140800
5891061139,A2MS6W6JY6D24S,1,1418169600
5891061139,AMAYQJBWBY86S,3,1408924800
5891061139,A2QT8XDSSQPVUH,5,1402790400
5891061139,A1MVDIAOFTQVKT,5,1394064000
5891061139,A7ENC1ELQ7U48,5,1387497600
5891090295,A3HCAFLZ74BJR4,1,1416009600
7391002801,A236WRQL1MB9HM,5,1405555200
7391002801,AN04BLRG7BD8I,1,1514505600
7391002801,A3PHYA8A965CYU,1,1514246400
7391002801,A3N778P1L4YH9Y,1,1514073600
7391002801,A3PHJYND753HBC,5,1513209600
7391002801,A1SUHZO4ONJ5YC,5,1513209600
7391002801,A1AZIJDCHHOV3C,5,1513209600
7391002801,A2BT5Z3HVP54FR,5,1513209600
7391002801,AYKEFVYYZE9OS,5,1513209600
7391002801,ALEPF6QI6IOHV,5,1513209600
7391002801,A2RBB0CXPXQ7GJ,5,1497657600
7391002801,A3QJUWWAZ8LA52,5,1475884800
7391002801,A3HQBA6WD62HZ,5,1464566400
7391002801,A107O6W0Q98CAT,5,1453852800
7391002801,A6T9V79KY5NV2,5,1441152000
7391002801,A15C8ZWGZ2MY9O,5,1439164800
7391002801,A2VR7I19DTZ5OW,5,1436313600
7391002801,A1EHXZBPIPARC2,5,1433289600
7391002801,A1QTM0AB0977FR,5,1421452800
7391002801,A3321441LKI0F3,5,1420588800
7391002801,A3D509XLLX9A4G,5,1410825600
7508492919,A2QYXOTOH48UPL,4,1332720000
7508492919,AXEYG8HEBYJ2J,5,1331337600
7508492919,A3GANKVAWCKBEO,3,1330819200
7508492919,A2LSM802TM3IZC,4,1328832000
7508492919,A33YGJ0M8OQXQD,3,1328745600
7508492919,A3ULEM6EDXIS6M,5,1328659200
7508492919,AI10SQEH9TVD6,1,1328659200
7508492919,A387RPGAX752UK,2,1328400000
7508492919,A2CFLQDWRT6ZNT,3,1412640000
7508492919,A24E3SXTC62LJI,5,1407110400
7508492919,A3NC8LC17MANT5,2,1405987200
7508492919,A1CHLHFQUOW2LN,3,1399593600
7508492919,A1UOWC2XTIBBT2,5,1394323200
7508492919,AK9ZU0BK7YU7,3,1392681600
7508492919,A1OLTJ28R6P94N,4,1392681600
7508492919,A1IV80BEM09WYM,5,1392336000
7508492919,A269FLZCB4GIPV,5,1392163200
7508492919,A1OKWHZKO2SQL7,4,1392163200
7508492919,A2XPAU57KKYYRQ,3,1392163200
7508492919,A2CFHD64IR8I42,4,1391990400
7508492919,AB6CHQWHZW4TV,3,1391817600
7508492919,A240T7DRF21DVS,5,1391731200
7508492919,A1M117A53LEI8,2,1391472000
7508492919,A272DUT8M88ZS8,4,1391385600
7508492919,A2PQ3G0Z3H8ID6,4,1391385600
7508492919,A3IMQLBJT08AIA,5,1391299200
7508492919,A2I86CBW0GK9MU,1,1391040000
7508492919,A1DW2L6XCC5TJS,2,1390780800
7508492919,AQC61R4UST7UH,3,1390435200
7508492919,A2AYV1MEYW66J3,5,1390003200
7508492919,A31OVFL91BCKXG,5,1389916800
7508492919,AAT3GJ7MMT72N,5,1389571200
7508492919,A2KV0M6CFP5TMU,5,1389052800
7508492919,AXWMHQ4THP4AN,3,1388966400
7508492919,AAAIZIHREWDWO,4,1388793600
7508492919,AJ5KWTN9CE4J2,5,1388793600
7508492919,A2CYNK760GHMTA,2,1388707200
7508492919,A315WPP3TTCN64,2,1388188800
7508492919,A1K0VLK6O5Z22M,1,1388102400
7508492919,AFQS44TBF3RMI,5,1387929600
7508492919,A1SJQ0HMDZPQF,3,1387238400
7508492919,A1K3BWU73YB44P,4,1387152000
7508492919,A1KUJ6M17418O6,5,1386633600
7508492919,A3FJA8WYQ4S32R,5,1386547200
7508492919,A27UGFJO9ACC0V,5,1386460800
7508492919,A287TN0UKRHUKZ,3,1386374400
7508492919,A320MGD3YB0DJ4,5,1386288000
7508492919,A3VZHQPYMKNQDK,2,1386288000
7508492919,ALQJKYBJJ45H0,4,1385942400
7508492919,AMMBMWZZQCJKC,2,1385942400
7508492919,A8FNB760GRGJP,4,1385424000
7508492919,A3TPMQX5OZ621L,3,1385337600
7508492919,AD3RJTOH2T8YR,3,1384819200
7508492919,A2D0H0I8EW2DFI,5,1384300800
7508492919,A15BYJ1QOLX525,5,1384128000
7508492919,A1UJLRX1307URR,5,1383350400
7508492919,A1E3XH6CAXKCNF,1,1383264000
7508492919,A1LBVKZ3X50ES7,4,1382832000
7508492919,A8R12OOE15BFJ,4,1382832000
7508492919,A37QL2LRHFHYRL,5,1382572800
7508492919,A2ZB7KGUSBR9P3,5,1382486400
7508492919,A3M4W8ETFMNJNH,5,1382400000
7508492919,AOB6WDJNQ0589,3,1381968000
7508492919,A2N37F19NHYAJ8,2,1381536000
7508492919,AP87K9OPM76X8,5,1381449600
7508492919,A1ROZSS0KIE0CC,1,1381190400
7508492919,A3PUZWNMP32OQ0,3,1380758400
7508492919,A3FFOWD5OR80QR,2,1380672000
7508492919,A1EHAOK0XD3P8E,4,1379548800
7508492919,A1BHX755NCNSIP,5,1379376000
7508492919,A18U23JWTMQX5C,5,1378771200
7508492919,A2GJ14RYU311X5,3,1378771200
7508492919,AE5Z15BLAT1CF,3,1378598400
7508492919,A1LZ5QSBVXSCYY,5,1378598400
7508492919,AJOT773ZK0BJE,3,1378512000
7508492919,A1KI8VQ5SS6P5C,1,1377907200
7508492919,A3SC9CJJU4WCCK,5,1377820800
7508492919,A14M9EMIRAD385,5,1377820800
7508492919,A1ZI35L60CTT7I,3,1377734400
7508492919,A1JQUCTFM4UKMQ,5,1377648000
7508492919,A16N0OR4R1H4LU,5,1377475200
7508492919,A2GBBW14EVQXTX,5,1376179200
7508492919,AA8Y2G13HA206,5,1375920000
7508492919,A2UC23YRRH6SRO,1,1375833600
7508492919,AYKZTWU60D8KB,5,1375401600
7508492919,A27JBJY1A5A9RH,5,1375315200
7508492919,A3CTE9DNEJUWCT,5,1375228800
7508492919,ATFNF6ZCX0KLZ,1,1375142400
7508492919,ATX4Y3S8LEVH8,5,1374624000
7508492919,A1JV7ABDBIUNMB,4,1374278400
7508492919,A2YCU25Y73HNGN,4,1374105600
7508492919,A2WENYXU547GHV,5,1373932800
7508492919,A3HK50K8AKIBVF,4,1373760000
7508492919,A3NS9QFI3TYGYP,3,1373760000
7508492919,A2QWOU3EJLMLLY,4,1373500800
7508492919,ADH3F160QXC5D,5,1373414400
7508492919,A2TSE3ZA0A0HOB,5,1373414400
7508492919,A29VTZ5KD1A0RJ,3,1373155200
7508492919,A2KDOLJFW5O9QF,2,1372723200
7508492919,AQGND8R4VKBCW,4,1372723200
7508492919,A8RHAYQWJAPAW,5,1372377600
7508492919,A1BZ055LW3TDLP,2,1372291200
7508492919,A30PP4E4GWODEX,4,1372204800
7508492919,ANP1H44XOUQ3O,5,1372032000
7508492919,ATTYUHMJX46B0,5,1372032000
7508492919,A39YL2T013VHRW,3,1371945600
7508492919,AVXZNKBZH5UAA,3,1371513600
7508492919,A10PRCNVIG0U5,5,1371340800
7508492919,ARSLOU6P48AZV,3,1370908800
7508492919,A27KDSXOSSQ1UL,1,1370908800
7508492919,A3C8RTL1WN9P8H,3,1370476800
7508492919,A29KSIE8BKYVQN,5,1370304000
7508492919,A2CQO0FORCTC2R,5,1370217600
7508492919,A1B3CB0K5J5JZX,2,1370217600
7508492919,A2TMVYRK6BKF1I,5,1369958400
7508492919,A3S0YTVW8APR3F,4,1369872000
7508492919,A28LDA0MBSY2YS,5,1369785600
7508492919,A2WTU24WQCY04N,5,1369699200
7508492919,A2ME9GUBJXO31R,3,1369094400
7508492919,A317T1S6EM6G23,1,1369008000
7508492919,A2KJJZ9FBZN1ED,5,1369008000
7508492919,A2B8RHTWRCUE1F,5,1368489600
7508492919,A2Q6V26O4ALBMY,4,1368403200
7508492919,AE801HHCJKWW1,3,1368230400
7508492919,A2ROMLP8COJ6JA,5,1367625600
7508492919,AG3MG2QBS4CM,5,1367625600
7508492919,A3UERLMPI7DPEM,3,1367452800
7508492919,A3LE4OWTZW84SQ,5,1367452800
7508492919,A1JFWJ73W5Q32Y,1,1367193600
7508492919,A1K7HL7E72W1L1,2,1367193600
7508492919,A3D4P0SAISXSI4,5,1366761600
7508492919,A23MRCVKI8M8OY,5,1366761600
7508492919,AQ6S1W71RSIQL,5,1366675200
7508492919,AB0ZKO8TLO9VU,5,1366675200
7508492919,A2R5NTLI75V0RH,5,1366156800
7508492919,A31SH35MXG0EZZ,4,1365724800
7508492919,AS254Q8MZ13PT,4,1365638400
7508492919,A1O6X7IQ5VZ6TS,3,1365638400
7508492919,A3I4MKPU3EVWVC,4,1365552000
7508492919,A3F6SCUOAOHHPM,4,1365465600
7508492919,A1TE996LYGSJYW,5,1365206400
7508492919,A25CKY6C75V92Z,5,1365206400
7508492919,A34DNIC8QZ4QPT,1,1364947200
7508492919,A17EZ7OHKNMM4O,4,1364860800
7508492919,A1IQHYT3YSGXQL,3,1364774400
7508492919,A1DTBEA8RF40WR,4,1364601600
7508492919,A8DJ00RPRVB5G,5,1364428800
7508492919,A322P08DWO7GD0,5,1364256000
7508492919,A2JZWA4K2MRUID,5,1364256000
7508492919,A25Y7HFVE1PCE4,5,1364083200
7508492919,A8N4506OTDJJJ,3,1363996800
7508492919,AI6Q86929NWSI,5,1363910400
7508492919,A1YV2RTLHGH79X,4,1363824000
7508492919,A36ZBJDQ8ZA7B,5,1363651200
7508492919,A2BXSVMCXJ3KKE,2,1363651200
7508492919,A2VIEGMOWSN7OL,5,1363564800
7508492919,A38ZL5S0ZONJT4,4,1363392000
7508492919,A2MF0TYHMMJY1D,5,1363305600
7508492919,A3RUIH0MXG1QUA,3,1363219200
7508492919,A2ZMMWSN5O0QF0,5,1363046400
7508492919,A1KUW4F66WPM4P,5,1362960000
7508492919,A1U8S519OO0MJY,4,1362960000
7508492919,A2SZF402XOSGMU,5,1362787200
7508492919,A1IARBESW11ZXX,5,1362700800
7508492919,ADR789QVICX81,5,1362355200
7508492919,A1OAMQ4XPSGH0U,5,1362182400
7508492919,A2Q4X5ILT85PCD,5,1362009600
7508492919,A372K41F91T9CD,5,1361923200
7508492919,A3M7X1SXM6VFDD,5,1361923200
7508492919,A23X52IVJVJO88,4,1361836800
7508492919,AB2VXMSJIDK7B,5,1361750400
7508492919,A2169IH5HQYT1I,3,1361750400
7508492919,A35RSPSIH8PMRX,3,1361664000
7508492919,A2TZFQGNB0UA76,4,1361577600
7508492919,A3AL3CP5KZSRZB,5,1361491200
7508492919,A2GF4AN7K8O563,5,1361491200
7508492919,A39B0S29UBN30D,4,1361318400
7508492919,A1FL4ZQUSWJJ51,5,1361232000
7508492919,A3JD7PYC1L4WYE,4,1361232000
7508492919,ADMLPNUHFFUIP,5,1361145600
7508492919,A2KCKROPJ72AE3,5,1361145600
7508492919,AHU8X9PWON44B,3,1360540800
7508492919,A1OMZBSJ8GLNBO,5,1360454400
7508492919,A26G0P1P4Q7DVE,5,1360454400
7508492919,A21CRQ375DAVLK,3,1360454400
7508492919,AWT7158VFPLD2,1,1360281600
7508492919,A3H25JSK16L78I,3,1360195200
7508492919,A2CURLE58XMKG0,5,1360022400
7508492919,A2RL6F7MFQZUU8,3,1359849600
7508492919,A3HU46Z3Y8CMDT,5,1359763200
7508492919,A31PEOCXMVP4X4,2,1359676800
7508492919,A3KMB59F8G40OG,5,1359590400
7508492919,ADJILS7PHR00O,5,1359590400
7508492919,A1XKJ19KIT3X3K,5,1359590400
7508492919,AB51NNJHY3LBV,5,1359504000
7508492919,A2GF9N3D4TJUYZ,4,1359504000
7508492919,A3EYRSQ0GDV71I,5,1359504000
7508492919,A3FHMB9VNH9U51,4,1359417600
7508492919,A31ZGF7EGCAFKI,4,1359417600
7508492919,A0755549VZ3OU6OE9EHO,5,1359417600
7508492919,A6XZQP4XMD75X,4,1359244800
7508492919,A1AXCLW87Q3UU2,5,1359158400
7508492919,A15J1JGXYQMH8K,1,1358985600
7508492919,A250B2VSGDMCG8,4,1358985600
7508492919,A2VFF3OUQA6C6O,3,1358899200
7508492919,A3K4TCZWWXSOP0,5,1358899200
7508492919,A1S9ZBMBQZ7UJJ,3,1358812800
7508492919,AKFR8EOCM6EMI,5,1358812800
7508492919,A93BFCWBZJT9O,5,1358812800
7508492919,AJO136FGIOY6I,2,1358726400
7508492919,A34Z01WFSOTYLY,3,1358553600
7508492919,ANETWIJI7GX0W,4,1358467200
7508492919,A3SPJPP1XDGRJL,4,1358380800
7508492919,ATRSE35VIXF9M,1,1358380800
7508492919,A1ZSXFY667KY0X,5,1358294400
7508492919,A1BTAZYRTE2BOW,4,1358294400
7508492919,AKHJVAM53CE28,5,1358294400
7508492919,A1T2COVZJZK1X7,3,1358208000
7508492919,A22FTS797LWDIK,5,1358208000
7508492919,A2MUULVP5B14NJ,1,1358208000
7508492919,A3PN3JRYFVPPLN,4,1358035200
7508492919,AG176YH633HXF,5,1358035200
7508492919,A1IZ54NQQL2KXD,1,1358035200
7508492919,ADTRNV9WW2LDT,5,1357948800
7508492919,A1SAZP6P8VQ0E6,5,1357862400
7508492919,A3K3I77ZWF65RO,5,1357776000
7508492919,AOH3P2QZ1E7AZ,5,1357776000
7508492919,A3AX59UODRSLHM,5,1357689600
7508492919,A1KHGF59ZG846Q,5,1357689600
7508492919,A2M5CFV4EWV3HY,3,1357516800
7508492919,A3RUOVKA1S5NYX,5,1357516800
7508492919,A36KSQQ3IOHDWN,5,1357516800
7508492919,A1557Z2SHJZFMB,3,1357516800
7508492919,A1M2CBJ96REQ0R,5,1357516800
7508492919,A3RROHRPYKJU4J,5,1357516800
7508492919,A11NO3K6V3YMND,1,1357516800
7508492919,A17TBDKN0UT40U,5,1357430400
7508492919,ANQBEL3XYIU3Q,5,1357344000
7508492919,A37J1MFCCQNZLX,4,1357171200
7508492919,A2JF94YCIPOBAE,1,1357171200
7508492919,A20UM1DYHLYZI7,5,1357084800
7508492919,A3J5QI5VVT7LHO,4,1356998400
7508492919,A2BSJ4EH1N4K34,5,1356912000
7508492919,A10QTVIYEH99GP,5,1356652800
7508492919,A5GLVR946V5SW,5,1356566400
7508492919,A210FSSOQ47N31,2,1356566400
7508492919,A2834YPG3G6U4Z,2,1356566400
7508492919,A1HSRNOMD6R9PY,4,1356480000
7508492919,A36CJ69Q05240W,5,1356393600
7508492919,A1VCR52LA5CAXK,3,1356393600
7508492919,A160MKC1C4UE4S,4,1356307200
7508492919,A3KQ40DH9BGJEI,4,1356220800
7508492919,AA7H3UBPCXJI5,5,1356048000
7508492919,A2B9G7IGP07BEC,3,1355961600
7508492919,A28WGUX49HXHB5,5,1355788800
7508492919,AHPWKRWF5O4XO,5,1355702400
7508492919,A7RAZYR5WMSQS,5,1355443200
7508492919,A1KNKWH90LSJ28,1,1355443200
7508492919,A3NTNBX3GF130G,5,1355356800
7508492919,A377B8ZFCPR0XT,5,1355356800
7508492919,A3GUO190M4UNC7,5,1355270400
7508492919,ASC1YOICKLWQL,4,1355270400
7508492919,ASIRNKZGQPHF5,3,1355184000
7508492919,A2JZ0RKTGCF2S3,3,1355184000
7508492919,A1EFE7YQUX8AZI,3,1355184000
7508492919,A2KG07QQ9QNQYR,4,1355184000
7508492919,A1ZMGEL0ILK93C,5,1354924800
7508492919,A2K8IXGL4MIMXC,5,1354924800
7508492919,A2OV0GFGYUOIZN,5,1354924800
7508492919,A13ICT0KYAQ0GD,4,1354838400
7508492919,A1MV78BVFZ7Y03,3,1354838400
7508492919,AI4HEX9S1LVB1,4,1354752000
7508492919,AL7XCR8VU921P,1,1354665600
7508492919,A2PMAH83N32HBI,3,1354665600
7508492919,AJ6TI5YNNJFKT,5,1354579200
7508492919,A2AYTOHFHQAONJ,5,1354492800
7508492919,AMWPLWO3SZPL1,4,1354320000
7508492919,ADA7Z108UWP3,5,1354233600
7508492919,A1G5JR4EE618AS,5,1354147200
7508492919,A1DYB8W2V2K8QJ,4,1354147200
7508492919,A3GSQHW73LS50N,4,1354060800
7508492919,A334IVDF89B6C0,5,1353888000
7508492919,A3OCTM94ICG1NA,5,1353801600
7508492919,A3MJFC0U0WUWTW,5,1353628800
7508492919,A208MNJO946UY8,5,1353542400
7508492919,A1JEPQ6L78C5RJ,5,1353369600
7508492919,A35TW2OOUES0Y1,1,1353283200
7508492919,AY260534YMRXK,5,1353196800
7508492919,A1WRFM064KO42T,4,1353110400
7508492919,AR92FEJVYRGWC,4,1352937600
7508492919,A3V6CKV7JUNVXI,5,1352937600
7508492919,A2B7WPW5MQF6F3,1,1352937600
7508492919,A1MIEGYMYQI0EZ,1,1352937600
7508492919,A3OFVAOJCSM2XE,4,1352937600
7508492919,A90PMX1DGA78J,1,1352851200
7508492919,A3JT2IW1HKYEE5,1,1352851200
7508492919,A2GZ9ZFL4HAA4B,3,1352851200
7508492919,AKBKWTBZ25WWF,2,1352851200
7508492919,A2HZTH0774LG9Q,3,1352764800
7508492919,A2WP9B1PNZZ5ZR,5,1352678400
7508492919,A2VIF6A6SQ9PG7,1,1352678400
7508492919,A11SRKJT04SKED,5,1352592000
7508492919,AJEYDQ4MDX6L2,5,1352505600
7508492919,AMNJB7TWZEDDX,5,1352332800
7508492919,A3VTGWO5G7G9TP,1,1352160000
7508492919,A2GBMX7F5MR4TA,5,1352073600
7508492919,A13QJ9MYFEHDQ3,1,1352073600
7508492919,ATAWJYDSR35YC,4,1351987200
7508492919,A24RY1SOT635QB,4,1351987200
7508492919,ACTO86YTXYSR0,4,1351987200
7508492919,AZFVHC1MU20AF,4,1351728000
7508492919,A12XBCCD6FAWRK,4,1351641600
7508492919,A1QTTJRHX8UO9W,5,1351209600
7508492919,A156ABB9CKW475,5,1351209600
7508492919,A1RCNAEC0M8WX3,5,1351123200
7508492919,A31PYDBVJRQT2S,4,1350950400
7508492919,ABB9YCFJX7EN8,1,1350950400
7508492919,AK7P0I7APZMDC,5,1350864000
7508492919,A99FP0TZFZDV3,4,1350777600
7508492919,A2DCZUL8LUB96D,4,1350604800
7508492919,A2WS09VCO1A9WS,3,1350604800
7508492919,A3MQ6AU485JOHI,1,1350518400
7508492919,ASLEIV22LJSTU,4,1350518400
7508492919,A3NNLEYT7CDCAF,3,1350345600
7508492919,A3RYQF2YONFDRS,2,1350000000
7508492919,A2SKNW1X4N89OM,5,1349913600
7508492919,A3DFI162RMA6NI,1,1349827200
7508492919,A10TPOYMBD2MG9,3,1349827200
7508492919,A6LCE11SFEFOX,4,1349654400
7508492919,AKSJKMLFRXRRF,1,1349654400
7508492919,A3FD6KCLLI84LO,4,1349654400
7508492919,A2HXLD3HYYM78E,4,1349654400
7508492919,AY81SXN6GUXR7,3,1349568000
7508492919,A1ISLB040J49TS,5,1349395200
7508492919,ACM8U7OO2SVV3,1,1349395200
7508492919,A1F8DYP709TE44,4,1349308800
7508492919,A1JC3E3B5EDL0A,3,1349308800
7508492919,A2W43W5FVGZHYS,2,1349308800
7508492919,A3PKU2GZBQ1KJR,2,1349049600
7508492919,A2RTYR9XSXUVYS,4,1348790400
7508492919,ASLBWEZ3DHSEE,1,1348617600
7508492919,A17T9WAK67Z5B6,1,1348617600
7508492919,A14A75MMPX9RQ1,4,1348617600
7508492919,A2YTB0XEIHXRSO,5,1348444800
7508492919,A3NXFMJU2XH37K,5,1348444800
7508492919,A1XI1EF0B09RSW,3,1348444800
7508492919,A4EZ0RQMWEVZP,4,1348272000
7508492919,A348MAZC012GR1,4,1348099200
7508492919,AVO65TEW0VBL3,1,1348012800
7508492919,A3SWGK85JKF01U,5,1347926400
7508492919,APJAZ2BGQUXWO,1,1347840000
7508492919,A2NZBB335RLG28,4,1347580800
7508492919,ARD00FX5QGP8Y,1,1347580800
7508492919,A3OBA1NEVWILYC,1,1347494400
7508492919,A3B75MNM177NED,5,1347408000
7508492919,A1AJEA7KU70UO,1,1347321600
7508492919,A3J1RL5MQX0PZA,5,1347235200
7508492919,ANI4YFYCL4ZDM,5,1347148800
7508492919,A11V0KKPT46SQO,4,1347062400
7508492919,A19MFIMR16HRSY,5,1346976000
7508492919,A3L7ZCFUJMWFV7,3,1346630400
7508492919,AEG8TVC4GWCFD,3,1346284800
7508492919,A13RHHPXQL8PRC,5,1346112000
7508492919,A3B0FLR0XNIACE,1,1346112000
7508492919,A3PXETCYJIICL8,5,1346025600
7508492919,ASLE4JJ37ZAOW,4,1345939200
7508492919,A3B4NHQILQ7DLY,4,1345939200
7508492919,A2RUQ8D39JOFY9,2,1345852800
7508492919,A2NZ3URKKX9UUK,2,1345680000
7508492919,A3RDAHEREZ8G4Y,5,1345593600
7508492919,A3VSBK8W7CM1VS,1,1345420800
7508492919,AD3RN3NJDZ51F,3,1345420800
7508492919,A3AHGQPM3JC1CN,5,1345334400
7508492919,A16W9OPUWFDTR5,4,1345334400
7508492919,A3AOQTQ49CBOVT,4,1345248000
7508492919,APMRQJ6K8J46U,5,1345161600
7508492919,A82ES8ASOFOCY,1,1345075200
7508492919,A4F8BW6DZ0JCR,5,1344988800
7508492919,A37M44AI4MB140,5,1344902400
7508492919,AU1ZOIRYZ1GM4,5,1344816000
7508492919,A305G086E05VLF,5,1344816000
7508492919,A15P86HRA57ASB,3,1344729600
7508492919,A2RL99RCO09GWY,4,1344643200
7508492919,AEZ174FKV7M79,5,1344643200
7508492919,A2LU25M0OGPESF,4,1344643200
7532385086,A1JND40HSY5577,2,1294963200
7532385086,A1E35I83STD381,3,1291852800
7532385086,A1XVFEBHKYLL0J,2,1290988800
7508492919,A1YRM2FBIJ9H4O,4,1344556800
7508492919,A3RM352WQR4897,4,1344470400
7508492919,A23P8W23UEL5HW,4,1344384000
7508492919,A1QXRJEJO2EJP6,3,1344384000
7508492919,A2MWFPMDE7FOBV,5,1344297600
7508492919,ACT3PCKJLD2JP,3,1344211200
7508492919,A1DGPR7FXCOJE8,3,1344124800
7508492919,AP7I444O9SOA1,5,1343692800
7508492919,A1SPU4XHKVI5AH,3,1343606400
7508492919,A3HKK4916N66M3,4,1343347200
7508492919,AC0OS9N0B71PV,3,1343347200
7508492919,A1MT48NEFF2WS8,5,1343347200
7508492919,A3FINLRS3PB9RO,5,1343260800
7508492919,A36IGFD3MHTAL4,3,1343174400
7508492919,A956FT3LT9OJ9,1,1343088000
7508492919,A1IANUJBFOXNHM,5,1343001600
7508492919,A20T2KXAQ33BRA,3,1342915200
7508492919,AXR4D9RXD3IMZ,1,1342828800
7508492919,A33B53Y215H9EQ,3,1342828800
7508492919,A3HTZ2D9EWWFID,5,1342742400
7508492919,A3NHZ33AZESMGI,5,1342742400
7508492919,A3D2ZJC4SLRT9C,4,1342483200
7508492919,APGBFVA2VEQU4,3,1342051200
7508492919,ASXMA3QHS7EQI,2,1342051200
7508492919,A1A3V8RJDLRL59,5,1341792000
7508492919,A2GQIUVAIHUQ0D,5,1341532800
7508492919,AR3IB5Z9DCPZ4,4,1340755200
7508492919,A2EPFZAWK6UDJB,4,1340582400
7508492919,A3626D11IINH5I,5,1340409600
7508492919,A37UGO8KWYOUIN,4,1340323200
7532385086,A3JLOFCADYODNS,5,1362700800
7532385086,A37IEHP5B92TRX,3,1362528000
7532385086,A29JZIWFCWVRUT,5,1362355200
7532385086,AXBOL4BXYW7KU,1,1361750400
7532385086,AY34XU1UE3U1K,5,1361232000
7532385086,A35N3V5T9GDR63,5,1359849600
7532385086,A32W53F4P8XMN3,4,1359676800
7532385086,A2GA1B7WZ9ZCCC,4,1359504000
7532385086,A1F9OVWDS9ZOJ3,5,1359504000
7532385086,A3V5GMGQWVLK9W,3,1358208000
7508492919,AIKKX7MVY4LVX,1,1340236800
7508492919,AMABDB51DCYLT,3,1339459200
7508492919,A25MGUTNWJ233F,5,1339286400
7508492919,A3S69R2969OAET,5,1338681600
7508492919,A3N4H968Y9KG21,1,1337558400
7508492919,ASTBF8HXRN1O7,3,1336348800
7508492919,A1S6N124KXINXV,5,1335830400
7508492919,ALAGXQY2KCHTW,1,1335312000
7508492919,AEB82XYX3DUWW,3,1334880000
7508492919,A3VBCWB461PILI,4,1332806400
7532385086,A2AR8P1POY7IVB,5,1357344000
7532385086,AKUQOY3DJX96J,4,1356652800
7532385086,A3N3M2PTENWJL3,3,1356220800
7532385086,A2F47OVCKYFS4C,1,1355097600
7532385086,A3S8BPAUQQLDKU,4,1354924800
7532385086,A3G96K37RVUOIF,1,1354492800
7532385086,A128NU439QI7UF,5,1353801600
7532385086,A91YTSKJO572I,3,1349136000
7532385086,A2T9EFJCL5G178,3,1348617600
7532385086,A2NSS0L3NIU6CN,4,1347148800
7532385086,A2GHDKZBYXGAPY,5,1342569600
7532385086,A2VBWZTBM7C5BI,3,1341792000
7532385086,A6OXDBAE9BBG8,2,1341273600
7532385086,A3T4TLDTU798F3,4,1340323200
7532385086,A11FEJGJ2YK25Z,5,1339718400
7532385086,A2FSSTVW1QU2C6,5,1338768000
7532385086,A34MPBOAACHPUC,4,1338163200
7532385086,AFY6JMYETS3QH,5,1333843200
7532385086,A1NMRMUMS7V2F7,2,1333324800
7532385086,ASG8Y8RF3FW26,5,1330992000
7532385086,A3Q6C95EFP4FEX,3,1328140800
7532385086,A16CIN73E9BU6S,1,1327363200
7532385086,A1I05FSB6EZXR3,4,1326585600
7532385086,A16W775PCZK1I3,5,1326326400
7532385086,A2D47CHNL94FAV,5,1325203200
7532385086,A1RE7IIZE1PUXJ,1,1323993600
7532385086,A1INXPMTY2XT0O,4,1323475200
7532385086,A3CURTRDG23KKE,4,1322956800
7532385086,ATHYDQGW5879I,4,1321401600
7532385086,A3G2ZG8FYTY9GT,4,1321142400
7532385086,A1QDQVW37MFK8L,5,1320969600
7532385086,A12EHQA812L3A3,5,1320796800
7532385086,A1UBTA7HQBXBZG,4,1320796800
7532385086,A2CGMBC80NQN1W,4,1320796800
7532385086,A19OK5M1AWLQTK,4,1320796800
7532385086,AOJZRVNLQXHY0,5,1320105600
7532385086,A2YERF5EHO61PC,4,1318809600
7532385086,A1ZITVW5RIKTUM,5,1318723200
7532385086,A31NXN1EWXV3R2,4,1318032000
7532385086,AGH98STYXO96T,5,1317427200
7532385086,AAGQNG7TITMMX,3,1316908800
7532385086,AHL6C5CM58AQB,2,1315267200
7532385086,A31O6RPCO1SRAX,5,1314921600
7532385086,A27SUYTTWJAA3C,1,1311724800
7532385086,A1UFH308GD0HTW,3,1311206400
7532385086,A26H3QDVI7BBE3,4,1310169600
7532385086,A1OGWCGS8YVWFR,3,1309478400
7532385086,A2U9VD5RDKNP0B,4,1302566400
7532385086,A1IBNZIS7EGDZI,3,1301875200
7532385086,A3QDZBA1ZXDD3W,1,1301011200
7532385086,AYCEGQ5LQ50TZ,4,1300665600
7532385086,A2V9E5TF726UHK,1,1300060800
7532385086,A2U3NYJ7GPY6KD,4,1298332800
7532385086,A1FLW3KVXVUKP9,5,1298246400
7532385086,A3U2VAZBCBU7K6,1,1297814400
7532385086,A24BADCME9KMT9,3,1297555200
7532385086,AAUEFIITMHEOJ,1,1296777600
7532385086,A2G38P52ZF5TTH,5,1296604800
7532385086,A3HLE9GJNLLAKI,5,1296604800
7532385086,A28M5F2VY9J0EX,5,1296432000
7887421268,A20LXBXD1S6AWP,5,1312502400
7887421268,A1I4A0ACER1BBS,1,1307923200
7887421268,A34GGU76V8AE5T,2,1298851200
7887421268,A3GVZB4JDN29MI,2,1296777600
7887421268,A18WPFPUYGQS8Y,5,1296777600
7887421268,A12YIMVRB5202W,3,1296345600
7887421268,A34PHO8O0UNL6M,1,1288137600
7887421268,A34UOS110YO4AL,2,1282176000
7887421268,A1FTDA91AU1Y88,5,1415059200
7887421268,A2CPNJ900KGVQE,5,1409961600
7887421268,A2F6AV9XZEOASB,1,1408320000
7887421268,A3DQ2SZ8WH54A9,5,1407974400
7887421268,A3GNKYIXJ6JN85,2,1407196800
7887421268,A39UODCNHFRQGL,1,1406160000
7887421268,A3K57GYMSL3YGR,1,1405814400
7887421268,AL9LYA21IF3PN,1,1404604800
7887421268,A1B50SF7FFX909,3,1395100800
7887421268,AHFRHE0TCENNN,1,1394928000
7887421268,A2DS98ZSVWSOJ9,2,1391385600
7887421268,A27FXJPZYWC75O,5,1390176000
7887421268,A3LIORLXFRRUQ6,3,1388966400
7887421268,AJO2A8R6S2B17,1,1388620800
7887421268,A3B5D16LA8PX2T,1,1388448000
7887421268,A1XD154H9EUC4B,2,1387411200
7887421268,A2IQI0JGDTS25S,4,1387152000
7887421268,AW6R46KIU70O5,5,1384732800
7887421268,A16SMBO6LLSLD6,5,1383350400
7887421268,AEU9ZEQ56BJI0,4,1382486400
7887421268,A3TFIV7DUVSVLK,2,1378771200
7887421268,A1GH2VBV0971KX,1,1378339200
7887421268,A3L48B32O3F5JJ,2,1378252800
7887421268,A2AOF16F78BQK6,5,1376352000
7887421268,A1UXE9GJT23NM2,5,1375488000
7887421268,A3ODE9ECT9ENTE,1,1373932800
7887421268,A3J38WFKNT2MFX,2,1373587200
7887421268,AVQCUDEVF6UOU,3,1371427200
7887421268,AWJAHTKWGQW9X,5,1370908800
7887421268,AYLLTGP47HTFE,1,1370131200
7887421268,A1DFNBS1RHY7E1,2,1369958400
7887421268,AI60DFYS0LFVM,1,1369526400
7887421268,A5KUUEDT978H3,3,1369526400
7887421268,AP7CJPEYWLUU0,3,1369094400
7887421268,A1OM99TR89DTVX,1,1368144000
7887421268,A1RQ0KEFRKYAAR,5,1366156800
7887421268,A34NF3YORQR329,3,1366156800
7887421268,A19FQF8O6H3JFS,1,1366156800
7887421268,A4NQ8GFBEYODI,5,1365984000
7887421268,A2UXDIWEJOJQ65,5,1365638400
7887421268,A1GBZ2WP8ITAFZ,1,1365465600
7887421268,A20VF6OZW71TBB,1,1363996800
7887421268,A30FZ97A9E1GL3,2,1363996800
7887421268,A1JPMBNK6RHDVN,3,1363824000
7887421268,A2RXX3221YUY5W,4,1362960000
7887421268,A115GM0PI28KP5,4,1362614400
7887421268,A3T6ABH5ZCDSYO,4,1361836800
7887421268,A3UFJDFSLI21AT,5,1361318400
7887421268,A1C71EMHZRUWNT,5,1361232000
7887421268,A2FHTKTER44AVW,1,1358553600
7887421268,A3SFQ1IQB9B2DN,5,1358380800
7887421268,ARPGUKKB1G1EP,1,1357689600
7887421268,A37RUZNKN0BXKI,5,1357344000
7887421268,AK3WJYP9NGS1H,5,1357344000
7887421268,A2CIB2788F7K7Z,2,1357257600
7887421268,A3JCSRKAKX0G38,2,1356566400
7887421268,A13OUT2EZE7U0,5,1356480000
7887421268,A240UU92PG19H5,1,1356220800
7887421268,A19AE0DCVTDG06,5,1356048000
7887421268,AFUDRLC16R3YV,5,1355961600
7887421268,AHHL78V6EX727,5,1354924800
7887421268,A3M04WQTW1C6FC,2,1354406400
7887421268,A2JMPW17Q83FA8,1,1354406400
7887421268,A128NU439QI7UF,5,1353801600
7887421268,A2PE1EBFSEYFNZ,5,1353283200
7887421268,A1MTV9SHXOC4AE,4,1352073600
7887421268,A13V1SK908CK12,1,1351209600
7887421268,A22PJG27JHKWPA,4,1350950400
7887421268,A1L1M4DHS6I8X9,3,1350259200
7887421268,A1QA5VXKFPQ11H,5,1349827200
7887421268,A1Q7EP8U2T0U9Y,1,1349740800
7887421268,A1113SUL92IL65,5,1349654400
7887421268,A1IT05DZ2V313M,4,1349568000
7887421268,ASX9OLV5G57W,3,1348358400
7887421268,A2ZH5C2VXNZWKO,1,1346544000
7887421268,A2XRRFR1HGA08X,5,1345161600
7887421268,AFTXANJ7WXU7L,1,1344988800
7887421268,A1PMGOX24BWDAZ,2,1344211200
7887421268,ADYK99MZXOOUH,4,1341878400
7887421268,AC6EDQL0NU6PB,5,1341792000
7887421268,A17E8FKH09XAY2,1,1341792000
7887421268,A2VLQL8HHER1IF,1,1341705600
7887421268,A3BFQAKCO3LXRI,3,1341446400
7887421268,A2ETP3A4IMJZJF,5,1341273600
7887421268,A1AJAMBIE8T3CR,1,1340064000
7887421268,AFF2RCQCGELOT,1,1338249600
7887421268,A3RS0LGKWS9K27,3,1337731200
7887421268,A2LFBAQ1CPDWNY,4,1337644800
7887421268,A2LE36GN8PL5DF,4,1335484800
7887421268,A1Y73T37FIHGR4,1,1335398400
7887421268,A1WJN31AIQOW2B,1,1335312000
7887421268,A35YPXGRRLE8B3,1,1334534400
7887421268,A3WIW2LUTIDU8,3,1334361600
7887421268,A37YONUI88YTNX,2,1334275200
7887421268,AU7XAT6NFN5N7,1,1333584000
7887421268,A3IPRRTOB5ICZY,3,1330992000
7887421268,A2B9U3Q9LU6GJQ,2,1330992000
7887421268,AKMWP3PZ33KQU,5,1328486400
7887421268,AZYXGC2G6GM71,1,1328313600
7887421268,A3GGJ6C884GU4M,1,1327622400
7887421268,A2TUAE1RIEIHEA,4,1327449600
7887421268,ANA8V5ULQ94YO,5,1325894400
7887421268,A37EG998DCIA8V,5,1325635200
7887421268,AY9MQ4QNQDU5B,5,1323388800
7887421268,A17I4PK0KYDVP5,2,1322438400
7887421268,A36M772U06G2I9,1,1322438400
7887421268,A2PTVSL4ALYXYB,5,1321315200
7887421268,A3O1TGSDRI4EKE,4,1320710400
7887421268,A1MSSSZRWRR7R8,1,1319328000
7887421268,A9P4CM2L30E6T,3,1319155200
7887421268,AJDJ6SQUDORP6,5,1319155200
7887421268,A319IHI5NOWGD4,3,1318809600
7887421268,A39C4FDA2BU52T,4,1317254400
7887421268,A1HVCEQJ3Y0FLU,4,1316736000
7887421268,A2FWCW20O9NS4I,2,1315267200
7887421268,AKM5ZHG1FCEKJ,2,1315267200
7887421268,A2JIVJAJ30G8TA,5,1314662400
7887421268,AG3IIGO39NNTB,4,1313884800
7887421268,A24CN4DGR4HA2N,2,1313107200
8199201460,A9H9C0WF6JTG3,5,1286064000
8199201460,AK1M247BOU73P,5,1429747200
8199201460,A21AMFQK5SGWTC,5,1416787200
8199201460,A3NXF3DJ76YN27,5,1413590400
8199201460,A2XEIXD9SXFVTZ,4,1400803200
8199201460,A143AP59H7SBE3,5,1399766400
8199201460,A2VLGK4131NX8L,5,1369180800
8199201460,A30BRDME36VZ4W,5,1368230400
8199201460,A10HQI2OQACU6K,4,1362787200
8199201460,A3EIOO6WLFCG04,5,1357171200
8199201460,AAAUKQ62M9NX5,5,1351468800
8199504331,ARYMN0745BCPT,5,1425513600
8199504331,A1GNA9RM2I1WOR,5,1424304000
8199504331,A3NXF3DJ76YN27,5,1413590400
8199504331,AK2UAA44U9JOG,5,1387152000
8199504331,A3DR9BI6MH4GOX,5,1378425600
8199504331,A1SBNA68U20CQK,5,1376784000
8199504331,AZ5TLIZMRSOGK,5,1334707200
8199407050,A3MZ3GEO4W58YV,5,1273536000
8199407050,A8F826EJV7I33,2,1267056000
8199909331,A1P2EKEEZ8UDPB,5,1349827200
8199909331,A2ZG18NVDGJ9VL,5,1349568000
8199909331,A3FTMALRDKZBAD,5,1348444800
8199909331,A3HFW62BFBEQ9W,4,1337817600
8199909331,A2Q5PF7RY4ZICR,5,1337644800
8199909331,A25ZQ3P5J95ECQ,5,1335225600
8199909331,A2P6K8MJEIRYQI,5,1328486400
8199909331,A178V6XW6M8LRS,5,1378512000
8199909331,A282NV5NNU9TK0,4,1372723200
8199909331,A1TGOLREJYZFMD,5,1368921600
8199909331,A3G5ZQICGKHA7F,5,1367625600
8199909331,A83W33PFVK71V,5,1363478400
8199909331,A2APKP0Y4RLAOH,5,1361232000
8199909331,A3V0MO6TE4Q5M5,5,1355443200
8199909331,A1BE7RUDXCPFKW,5,1355270400
8199909331,A2KHT6BV58EK5R,4,1354233600
8199909331,A1YNBV2R3P8XP4,1,1353801600
8288853439,A2L7WR61JWS8S1,1,1348185600
8288853439,A6SRPIJ2U0T8G,4,1345420800
8288853439,AOYKRY74MF8HA,4,1342396800
8288853439,A11L0FKPG0ID79,5,1338336000
8288853439,ALTJC4XM0Y57B,5,1328918400
8288853439,A3KAOLK6MR0KFI,5,1320192000
8288853439,A1TFMEXOK3EMGY,1,1309478400
8288853439,AGJJ65CWPO3,5,1299542400
8288853439,A3R3IDPUDS8B95,5,1297814400
8288853439,A2Z7N7CAABZ1SL,5,1409961600
8288853439,A1043FF66MCAW6,5,1407801600
8288853439,AVUC999T5B5O3,1,1402531200
8288853439,A2C9H5QRLXXICT,4,1402531200
8288853439,AKO9LHWIEXI42,1,1402185600
8288853439,A2IOEIDPRZI0VC,3,1398816000
8288853439,AZDQ30P13I96U,5,1397865600
8288853439,A1GYPI4Z8Q2TTN,5,1395532800
8288853439,ABVQ1EZPPHZ5F,1,1394928000
8288853439,A1V3BBAU6QMDPV,5,1394496000
8288853439,A3TLWZL869S7UG,2,1394064000
8288853439,A2ZYAEB33FB52N,2,1393459200
8288853439,A3FMA2AFK85NMX,5,1393286400
8288853439,A2KO38Z0GOBHUD,5,1392249600
8288853439,AAYCO7P6K426F,5,1391644800
8288853439,APNXTF3RX5HRD,1,1391126400
8288853439,A12B7P0LP6OUBQ,5,1391040000
8288853439,A3O1HNN34GYPV7,5,1390953600
8288853439,AJCXD73BV3B1J,5,1390780800
8288853439,A2FOKY18Q73ARV,5,1389484800
8288853439,A1ABWKQZJZPXMG,5,1389312000
8288853439,A2GCUJAECROLZD,5,1389052800
8288853439,A25DXNA978XFVW,1,1388966400
8288853439,A2A817AADURYEF,5,1388620800
8288853439,A2FP0T46D1UIYG,5,1387324800
8288853439,AZW6WE7UXAMU0,1,1386892800
8288853439,A3GQ2EYEO7OF3O,5,1386720000
8288853439,A1AGQVCNRY2G8G,5,1386720000
8288853439,A3CHJDCPIUK6BZ,4,1386633600
8288853439,A3LQEHYFKBBE4O,5,1386460800
8288853439,A3K8KAO4UWY22V,5,1386028800
8288853439,A3II9TW6UGJZQY,1,1385942400
8288853439,A3GI4SKQXZOJI1,5,1384992000
8288853439,A885LH83CFAXF,5,1384819200
8288853439,A1KTA8AKI4KM22,5,1383868800
8288853439,A1O7DBN1L02NNE,5,1382659200
8288853439,A2HA2617RBBNWV,5,1381449600
8288853439,AXWFX2CUN2XTK,4,1380672000
8288853439,A9HTZ1Q12IYOS,5,1380672000
8288853439,A2EMKC5VI5MZXB,5,1379635200
8288853439,A1ZMOYSDGS37ZW,4,1378944000
8288853439,A1Y9WERP0Q2K24,5,1378166400
8288853439,A2ICJ4MX1FNDIB,5,1375488000
8288853439,A2TFPY2TWU1W08,5,1372204800
8288853439,A2Y501NZG7JF9V,5,1370563200
8288853439,A1YANO1CYRKOVF,5,1369353600
8288853439,A1JYF4RPJV2NI4,5,1368835200
8288853439,A3RGH03BWLHA7U,4,1361232000
8288853439,A12OEUROB0S11P,4,1359331200
819960459X,AY637LCPHPJ96,1,1438819200
819960459X,A14JTRQUNRNJZP,5,1425254400
819960459X,A1J4PJH213NM6C,4,1423526400
819960459X,A1EE0921Q6F4LS,5,1408924800
819960459X,A3IY2DU88IK7VX,3,1405900800
819960459X,A1G5DBRXGT3UDW,5,1390867200
8288862993,A1SJHP6301FK1L,5,1329177600
8288862993,A2LC1JFT3NG3A9,4,1328227200
8288862993,A3P7H3BWMBQK5K,5,1326326400
8288862993,A7HXLWJ3VMP9P,5,1321056000
8288878881,A2QUMNY8OEEYI3,4,1341446400
8288853439,AZ3LY7OF0894L,5,1355616000
8288853439,A3KUXQ8TR97MF9,4,1355356800
8288853439,A2HS2LY13LU694,5,1355184000
8288853439,ASBGMVVON88S9,4,1355097600
8288853439,A1DZC76N4RO1K9,5,1353974400
8288853439,A3LP8AW47WYHTY,5,1353974400
8288853439,A1C76H75G954WJ,5,1353369600
8288853439,AHG44OZQ4R1KN,5,1353024000
8288853439,A1LU0NFESQAKLE,5,1350086400
8288853439,AH91WNCGNWMQP,5,1349308800
8288862993,A1QS4SGQM2BNJZ,1,1436486400
8288862993,A3QRU0XRC3SVE5,5,1433894400
8288862993,A2FVHC3UDYXUL4,4,1433721600
8288862993,A3G5OJ4PKQX81S,4,1433289600
8288862993,A2TD31UM3ENUIN,1,1433030400
8288862993,A1865IATK1RJTM,1,1432944000
8288862993,A14SP9L7R5FNSX,4,1429660800
8288862993,A5UFYUTOJGWM3,5,1428883200
8288862993,A37WRZWPLP46GS,1,1428451200
8288862993,AU56TV259I84T,5,1425772800
8288878881,A2LLB6F3V5MVDE,5,1478131200
8288878881,A1BJ7L9RCQ49XZ,3,1475280000
8288878881,AQ6JAYZEYY9AW,5,1474243200
8288878881,A1FE214QQ4EHD9,5,1473379200
8288878881,A1EFI5FM0FUFL6,5,1472515200
8288878881,A3KQ2E4V2EVZXQ,4,1469923200
8288878881,A3U03LML5UI113,5,1463961600
8288878881,ATJZ8CD8RAQD2,2,1463702400
8288878881,AB8C10JA3851R,5,1460332800
8288878881,A2386IP13TWCQI,4,1458432000
8288862993,A1KGX6ZUP9BVIZ,5,1425513600
8288862993,A21XP1OKDWPHBR,1,1424736000
8288862993,A2990AEGGBYAA7,2,1421971200
8288862993,A3JW4Y4M4EQD58,1,1421193600
8288862993,A241VB212J3TFH,3,1421193600
8288862993,A1AQIIG4KD852E,5,1420761600
8288862993,A33PDM687MMB74,1,1420416000
8288862993,A2KNF0CZ3E1MG1,3,1420156800
8288862993,A17MU2E5S4NPYZ,5,1419897600
8288862993,A278FLUH5ZD56P,3,1419638400
8288878881,AB7NR9PO4CFU7,5,1456272000
8288878881,AOF9CG1LQV9C4,5,1454198400
8288878881,A73LI40G3PH67,1,1452988800
8288878881,A176LJ8V9AHCVM,5,1452124800
8288878881,A3TX374GTWQWHE,5,1452038400
8288878881,AD4VF1HZEZ20J,5,1449878400
8288878881,A2TJMQJF17QE1F,5,1449273600
8288878881,A3UIEEYEL4MCTB,5,1447891200
8288878881,A17W686OWRSQPA,1,1447200000
8288878881,A2JPCEDY5ALAM,5,1447113600
8288862993,A2D0MI0TKFKM67,1,1419292800
8288862993,AUDH1B199SNM2,1,1417132800
8288862993,AN6EUUUF267AL,1,1417046400
8288862993,A2SZ01A5RRN2R8,5,1416700800
8288862993,A3UI28BA8ZXGZU,5,1416700800
8288862993,A174IKBZ9IXRTL,3,1415836800
8288862993,A138OGLVKQSV4Y,1,1414972800
8288862993,A3CQPZIRN0Z8JR,1,1414540800
8288862993,A33RRYY6ZZE2F8,5,1413763200
8288862993,A502QHHI91ENR,5,1413676800
8288878881,AQC1JXZIQILW5,5,1446940800
8288878881,AP8BJ041Y1756,5,1446681600
8288878881,A3BQ8A67ADNKRY,5,1445990400
8288878881,A206IQ2KVDC2L3,4,1445644800
8288878881,A3R1D32KK9NIQG,5,1445644800
8288878881,A3TIV0N579KYF8,5,1445472000
8288878881,A26R7Y3FP732SD,5,1445299200
8288878881,A22DZ8IUMV3Y2E,5,1445212800
8288878881,A29KN9JGGDPLV8,5,1445040000
8288862993,A2IEVK5WJNDB1I,5,1412812800
8288862993,A135J8KV7OVG3C,5,1409788800
8288862993,A11RK0Y8Z6FT8W,5,1409788800
8288862993,A26BTJ916KABRA,5,1409616000
8288862993,AUPKTL389PSI4,5,1409443200
8288862993,APZOXDBMQ56XQ,5,1409184000
8288862993,A33ZFA3D1J6DKG,4,1409097600
8288862993,A3EMXJR6UMXITZ,5,1408752000
8288862993,A1SSCH2SN3HTRF,2,1408233600
8288862993,A2BMEI7WRE4DH8,1,1407456000
8288878881,A17ZDYKMCTO6G6,5,1445040000
8288878881,A1IOKQ8K2QS86B,3,1440201600
8288878881,A2P7WTXTC2E9F8,5,1439424000
8288878881,AF0GK3REQNMSV,5,1437868800
8288878881,A1Z1KRU2MPM19I,5,1437436800
8288878881,A3LIIXKIIHPAVT,1,1437436800
8288878881,AZDAFDP9BRQUT,5,1437436800
8288878881,A3UXPGY1V6RCSH,1,1437264000
8288878881,A3L0JCYYM72Q6A,5,1435968000
8288878881,AKQBB6SB0BFGQ,5,1435622400
8288862993,A1O8QYKLL9E5DU,2,1406764800
8288862993,A2PY9G46L8JL0E,5,1406246400
8288862993,A3RJE20YZRG3RO,5,1405900800
8288862993,ATUQ652LN6PER,5,1405209600
8288862993,AX1CSRQ8N45E4,4,1404691200
8288862993,A1I7M66AOWIMJK,5,1404604800
8288862993,A1CD6LNSAOBP3O,4,1404604800
8288862993,A3C6PY4EBY1PC1,3,1404518400
8288862993,A36DCPDZSCIVDB,5,1402531200
8288862993,A3D02V5GF4GUIN,5,1402358400
8288878881,A1HJ8ORLH94RTB,5,1435363200
8288878881,A2OFUFLYFVP65R,1,1435276800
8288878881,A263B5LQRAD9N0,1,1434844800
8288878881,A18SEEAX744W8O,5,1433289600
8288878881,A1FT1NI7JMS1QL,5,1432857600
8288878881,A19W2OONT60M4X,5,1432339200
8288878881,A2LBWVL4ZW0YMU,5,1431907200
8288878881,A1SSEBS25HU9U5,4,1431907200
8288878881,A36JJN55UXJN1A,4,1431820800
8288878881,AFXCSY6S4F91,3,1431388800
8288862993,A17MEPCXMBPAX0,1,1399852800
8288862993,A3AKUUZ992VK0L,5,1399593600
8288862993,A1LFNDW0RIPTDP,1,1399593600
8288862993,A2NUFUBGBWTN3S,2,1398988800
8288862993,A1ENWO8CIT4OR6,4,1398124800
8288862993,A1E4CLEJ2EBAYL,4,1397433600
8288862993,A1MMMVGC7A7P1Y,3,1397260800
8288862993,A1VHCTZI2GU96Q,5,1396051200
8288862993,A1TB191C7PZC3P,5,1395792000
8288862993,A384PR5DSTIRAV,2,1395014400
8288878881,A3BFKIA1ZZZ9S4,4,1431302400
8288878881,AZVWF96X0IXHJ,5,1430784000
8288878881,A37TQ45E4TJ16X,5,1430524800
8288878881,AJ1DJ9JB4G0C8,1,1429488000
8288878881,A23FXDJ8WGWEH8,5,1429228800
8288878881,A3H08ZTFVM3YHN,5,1428624000
8288878881,AJVDKVYEOBLQA,3,1428451200
8288878881,A3LKSXHXZC9K2N,5,1428364800
8288878881,A9BFWQ7PXICKQ,2,1427932800
8288878881,A338UR0Q3EG733,4,1427846400
8288862993,A3O6DUDTILJNLA,1,1394236800
8288862993,A1AGGU1536NAQZ,4,1394150400
8288862993,A3CLXO15MPRZ4X,4,1394064000
8288862993,A3F7FMXW9VVHEX,5,1392595200
8288862993,A1BM6NLEP612WN,5,1392595200
8288862993,A1CXP2C0URIVF1,1,1391990400
8288862993,A1W3MB5WXPTI0O,4,1391126400
8288862993,A2UK1NYL9UGXNZ,1,1390521600
8288862993,A1WK0DH0W21F3G,5,1390176000
8288862993,AOZA52XL0OU8Q,5,1390089600
8288878881,A2JHHC87EXHB9H,1,1427587200
8288878881,A3TXZBGS2Q1N6P,4,1427500800
8288878881,A11SVV8S4B3KU5,5,1427241600
8288878881,A2C0GYV6YQ311U,5,1427155200
8288878881,A10CMMYL2KI9N5,4,1427068800
8288878881,AZL03VCBZY70G,4,1426636800
8288878881,ALLAUHJN768GJ,4,1426204800
8288878881,AMDNSVK04R9C8,5,1425945600
8288878881,A19J0T26ULP53U,5,1425427200
8288878881,A2PCKVL5KCVQ94,5,1425254400
8288878881,AO2IJUXU74IT3,1,1425168000
8288878881,A627Z4WOTCMTL,5,1424822400
8288878881,A1U1LSJNHATYTV,5,1423785600
8288878881,A3LIUW29VPGEJ4,1,1423612800
8288878881,A3ENRGBGZ62Q0U,5,1423526400
8288878881,A27P9Y0TX0ZPGD,5,1423440000
8288878881,A196EMVEZ8DBM5,5,1422835200
8288878881,A2KHK0B31BFUZ0,5,1422403200
8288878881,A2AZUT2TT2R9KX,1,1421712000
8288878881,A2KRFYZGA5T4VC,5,1421712000
8288862993,A3L9CS15TQ4G51,1,1389830400
8288862993,A16OS83BLCQX3C,1,1389312000
8288862993,A3F2MSJ6I29V33,1,1389312000
8288862993,AY6MKDQEGFR4T,1,1389052800
8288862993,A13C3JJSOK7E8D,1,1388361600
8288862993,A1P08EL8UVW8TU,1,1387497600
8288862993,AAERN3753MPR,1,1387411200
8288862993,A18Y5J35UUB4YQ,1,1387411200
8288862993,A7PK28G48DGPG,2,1386892800
8288862993,AIBRCHD6G7G3V,1,1386720000
8288878881,A35PJBMVAVAJP3,2,1421712000
8288878881,A3O6TRWPZNJQ4C,5,1421712000
8288878881,A9EQZ2M6VVUXF,5,1421280000
8288878881,A1QZWTLR596O8M,5,1421193600
8288878881,A25EQX56I86UQI,5,1421107200
8288878881,A2EJGZBBEVZCH7,1,1420761600
8288878881,ACWRH2WLW6F5N,5,1419379200
8288878881,AWZOZARUXJJRK,5,1419033600
8288878881,A2HRR1Q3FSV9T2,5,1418947200
8288878881,AFS61IRP03LGD,5,1418947200
8288862993,A3QQ8TFXIOHWUJ,2,1386460800
8288862993,A1FDHPQMUGQDWK,1,1386201600
8288862993,ALO3ZEZBXMCIV,1,1386115200
8288862993,A3VD1PBJ6VJFCD,1,1385769600
8288862993,A119QJ6TQ922RH,1,1385683200
8288862993,A1JSEUDIW25DJP,1,1385337600
8288862993,A2QRNQBV60LXMN,5,1385251200
8288862993,A37ZUCKWAR055U,2,1384992000
8288862993,A1N1ZB89JGDX13,1,1384473600
8288862993,A2QAXSFAGAG7ST,1,1384300800
8288878881,A3EJUTFLCZ6KYH,5,1418601600
8288878881,A6OU430SDRGR7,4,1418601600
8288878881,A23A5M4RVZRDR4,2,1418515200
8288878881,A3HK8ADOOC8ARJ,5,1418169600
8288878881,A2IC75CK4L0ZHA,1,1418083200
8288878881,A3B8SU31KKQUY0,4,1418083200
8288878881,A1C6F7SQGF4RNX,2,1417824000
8288878881,A2WD8Q070TR37L,5,1417824000
8288878881,A3TQCT4LR22LG9,5,1417737600
8288878881,A1JEUMGYG3OXFQ,5,1417305600
8288862993,A31ZZRB12R3PGY,1,1384214400
8288862993,A34YUZ4YOE67HZ,1,1384041600
8288862993,A31SISA9IWJ30C,2,1383609600
8288862993,A3FYRE7R02XPKS,5,1383609600
8288862993,A2RSRC4YPGPUWB,3,1383523200
8288862993,A14WJAN5JHAB84,4,1383350400
8288862993,AMB8C7C3HEEIY,1,1383177600
8288862993,AFT1RLHKKWREA,5,1383091200
8288862993,A1OKS9KMTB0YWU,3,1382659200
8288862993,A2VCXH89AMNG42,1,1382659200
8288862993,A38G11CIQB31FB,5,1381622400
8288862993,A1BJP72WWDRZ59,5,1381276800
8288862993,A2O8W12ETN43M9,5,1380758400
8288862993,A31TAPDUDMWR7R,1,1380672000
8288862993,AZHU8Z35FBBMH,3,1380585600
8288862993,A25AL7BSAR0XFO,5,1380412800
8288862993,A2BPLWOAOEG64S,1,1380067200
8288862993,A2GEBRXVPFXAOD,1,1379894400
8288862993,A2PSGHOQKN3TXR,5,1379548800
8288862993,A1JQ33DNF2Z7UI,5,1379030400
8288878881,AN6EUUUF267AL,1,1417046400
8288878881,A1MTJX7AZVED6Q,5,1416960000
8288878881,A3EXG99DO4P411,1,1416787200
8288878881,AM919TZWDWSLU,5,1416614400
8288878881,ALC29B955HGNV,5,1416441600
8288878881,A3OJZ4AI9EXCOZ,5,1416182400
8288878881,A1BR3KA62L9QC,4,1416009600
8288878881,A1FE534GXSGH14,5,1415836800
8288878881,A1283RRQPS1TR,4,1415750400
8288878881,A26BB6DHD2PSRC,5,1415577600
8288878881,AHQO6GD6S1NI,5,1415145600
8288878881,A1L4B5PW9V7Q1W,5,1414800000
8288878881,A3GDUHICJFR7AF,3,1414713600
8288878881,A3Q6098A9QBVIO,5,1414454400
8288878881,A2QQT8ZVDPI5AY,5,1414108800
8288878881,A31HMDGTC55BCP,4,1413676800
8288878881,A1R3YU2H4U55P2,5,1413158400
8288878881,AEQSKZE503EZQ,5,1412985600
8288878881,A1UKT7GG9S9X3O,5,1412726400
8288878881,A2R6JMD701VPBK,5,1412553600
8288862993,A38GYFN39HWR0X,5,1378684800
8288862993,A24XU25HZBBNBM,1,1378512000
8288862993,A1TU9KFFXE44Y0,2,1378512000
8288862993,A2FEO0JXSMQAF7,5,1378425600
8288862993,A14UQIY5E2WVG2,1,1377993600
8288862993,A11DSY0LTIBIVI,2,1377993600
8288862993,A25Q08LUXNQJ1G,4,1377820800
8288862993,AJSEEYE011BLB,5,1377648000
8288862993,AOO21UC0IKD0U,2,1377561600
8288878881,A2XT44J5HQAJDY,5,1412467200
8288878881,A14JLBLTUG0JG3,5,1412467200
8288878881,ASLWQXL16SXYH,5,1412208000
8288878881,A3HIVQDXMWYW2S,5,1411689600
8288878881,A276TDIWQAYKFE,5,1411430400
8288878881,A18Q8WKBILCX1I,5,1411257600
8288878881,A15LDHXTBU2QH6,5,1410998400
8288878881,A3LZHVL3Y3VBI4,5,1410480000
8288878881,AQBJPE292JHS6,5,1410220800
8288878881,A29LG2ZZSGOEPI,5,1410220800
8288862993,A37ZMBCLIM65KO,1,1377561600
8288862993,A1YZDULFT5816K,4,1377388800
8288862993,AJ4LTQMAB0QFQ,5,1377216000
8288862993,A33SHJ7WXGDP5R,1,1377129600
8288862993,A3SXYAVVU7W383,5,1376697600
8288862993,A2JW12EC02YYCJ,1,1376611200
8288862993,AV9OETMS2X9TT,1,1376352000
8288862993,A1OWF83REX5I7M,1,1376352000
8288862993,AJ7HX2NR18L2F,1,1376265600
8288862993,A2WVXQ4N0FP6YV,2,1376092800
8288878881,A254URTAYJAERX,5,1410048000
8288878881,A3RZIKDEEMDUDK,5,1409961600
8288878881,AHVBRMRRP2RIT,3,1409961600
8288878881,A1H0CLFHS55QJ7,3,1409788800
8288878881,AS4N9FOOG4UV6,4,1409529600
8288878881,A3JT91Z47S0FES,5,1409011200
8288878881,A3JFUOX1BNEBX6,4,1408579200
8288878881,A1ZE3TH3VA1BXV,1,1408406400
8288878881,A1THASMI6XBY62,5,1408320000
8288878881,A2VQ993G9O41YE,5,1408060800
8288862993,A6FRUYB45P1U2,1,1376006400
8288862993,AJGVYA90FVE4N,4,1375833600
8288862993,AY43ADX78QJY,1,1375747200
8288862993,A3LZAF23BCT8VI,4,1375747200
8288862993,AZIN9ATSFV0ZG,4,1375660800
8288862993,A3YHN4DKZS7WN,1,1375574400
8288862993,ABBJ98B61N6TE,1,1375488000
8288862993,A2MLYRCDAV37MA,1,1375228800
8288862993,AUV82D9VMTMZG,3,1375228800
8288862993,A21V0B910YDY65,5,1375228800
8288878881,A34BZFWTTSEA4F,1,1407974400
8288878881,A7KY4HERGNR2U,5,1407888000
8288878881,A252CBMB7APQYM,4,1407888000
8288878881,A1XZVQED7H3403,4,1407456000
8288878881,A1LVX62837JZB3,5,1407196800
8288878881,A3VQRLBUG51N5L,5,1407196800
8288878881,A2H566J34LUPE3,1,1407196800
8288878881,A1PHQQOOIDP93L,5,1407110400
8288878881,A1Y557TUMUXNVY,5,1407110400
8288878881,A3JDE30WUNQ0VZ,5,1406592000
8288862993,A2SR7S6ZJJDGNB,5,1375228800
8288862993,A2U5OENSQHWF4V,4,1375142400
8288862993,A21BM05FHPB65L,4,1375056000
8288862993,AEMOL762ACFK7,1,1374796800
8288862993,A3EA7DISO1S7QP,5,1374624000
8288862993,AUPHWCNID04D2,3,1374624000
8288862993,A2J6PY0RSYZBHN,1,1374624000
8288862993,A3H64NU3IF60W6,3,1374537600
8288862993,A2HOA352TOCY91,1,1374451200
8288862993,A15QCEGMRU5KPE,1,1374019200
8288878881,AB5N23UTGBWFP,5,1406505600
8288878881,A1OKA6AYEO6TPS,5,1406419200
8288878881,ASMZSZ4084GMB,5,1405987200
8288878881,A2YBV8X5OGCEO2,5,1405900800
8288878881,A35JVYIWQMVNVK,5,1405728000
8288878881,A2PAAN9QIT8Y4T,4,1405555200
8288878881,A2RFBGEG37X475,5,1405296000
8288878881,AEFE4EHJ9YRA9,5,1405036800
8288878881,A1949XFNVUPVW9,5,1404864000
8288878881,A8N89G5W9C27O,5,1404777600
8288862993,A3NTBGFJQEQDH,1,1373760000
8288862993,AIQD3NVCAISNG,1,1373500800
8288862993,A1ZOFN739B9ZKD,1,1373414400
8288862993,A36H26MRLDYWIE,1,1373155200
8288862993,AK2EWREAUAK3G,1,1373068800
8288862993,A3S1OKF34AKJHO,1,1372809600
8288862993,A3C0VT1E4J7UVO,1,1372636800
8288862993,A118RPF6243MHJ,1,1372550400
8288862993,A7RPC9AS5D0B,3,1372291200
8288862993,A1KE8EKZ2SF7HH,5,1372032000
8288878881,A3GLBI43AUKM7O,2,1404604800
8288878881,A25QTHJOZLTENF,5,1404604800
8288878881,A1GGZSZ77NNLFM,5,1404259200
8288878881,A236HU0ZWO8IW7,3,1403740800
8288878881,A16WZQWRYCSOKG,5,1403740800
8288878881,AEEMUVFLO3UP8,4,1403568000
8288878881,AYNNLA6JFGF2L,5,1402963200
8288878881,ATW2JZ7W6Y40H,1,1402876800
8288878881,A3AACW7R2MWRWX,5,1401926400
8288878881,A3FDXCRC4LAOZP,4,1401408000
8288862993,A2KECMWV5QJ836,1,1372032000
8288862993,A1XQ1CL8RMWZ47,1,1371859200
8288862993,A1KX2I4I5YOFSJ,1,1371686400
8288862993,A265VO4TVNJGS,5,1371686400
8288862993,ADXU0E6R00MY9,1,1371686400
8288862993,A2FZ0P2S6KCJ5P,1,1371340800
8288862993,AN4L4I0G0XX4Y,1,1371340800
8288862993,A1LG9RKAK8NMYB,5,1371168000
8288862993,A27VEQW3K17WMQ,1,1371168000
8288862993,AN0JF45GM8LE3,5,1371081600
8288878881,A1NQUWKK7DU6YN,5,1401408000
8288878881,A20HM67C50ORR8,4,1401321600
8288878881,ADMN7R6DT38X0,4,1400457600
8288878881,A31PWZKW0S4UT0,5,1400198400
8288878881,A3CWVXJJ09Y3HJ,5,1400025600
8288878881,A2AGAHO0AJ2O0B,2,1399939200
8288878881,A2N54SZYA9US49,5,1399593600
8288878881,A148871BW12LME,5,1399593600
8288878881,A1XR2CBFP5ZFQ4,2,1399593600
8288878881,A1IBG6D3CE3Q87,1,1399248000
8288862993,A13U0N07HI7UHW,4,1370995200
8288862993,AUORYEP5TQUTZ,5,1370563200
8288862993,A1QT24UCWXET1Y,3,1370563200
8288862993,A3H1ITCJHTWHJ,1,1370476800
8288862993,A34YR9MOUELNAV,1,1370476800
8288862993,A1UG4J0SWUGA0D,1,1370390400
8288862993,A2HCLX67CKV7KY,1,1370304000
8288862993,A25BF725P4G1FP,5,1370217600
8288862993,A2XXIQ660KXSN3,5,1370131200
8288862993,A38VZQWM8LGMUW,5,1369958400
8288878881,A362UIE4708IJ1,5,1398816000
8288878881,A2SIKP5ZDFQD2H,5,1398729600
8288878881,A2X26IYB9G640X,2,1397520000
8288878881,A2DNXWDGP67H0Z,5,1397174400
8288878881,A2DHFLDTV8BMWK,5,1397001600
8288878881,A39WAFAQ3XI7JP,2,1396915200
8288878881,A26MGI7WDN8I67,5,1396742400
8288878881,A1MQ4YCRCZCOGS,4,1396742400
8288878881,A353WP64W12ZAU,5,1396310400
8288878881,A15VC8EW8JQ9UH,5,1396137600
8288862993,A3IT1BEHUWP3X4,5,1369699200
8288862993,A257GPDG9Z2S1G,5,1369526400
8288862993,A2BILEX5DPSKNY,1,1369353600
8288862993,A2ZRMEJKNAIVIH,3,1369267200
8288862993,A1W3AKXJDBJ2KC,5,1369094400
8288862993,AFES05AWQD09S,5,1369094400
8288862993,A25QYG2EDQUGQL,5,1369008000
8288862993,A103RLAWEHYFHB,4,1368403200
8288862993,A3SUNPJ6OSPETV,5,1368403200
8288862993,A22XR3UIQAF15L,5,1368316800
8288878881,AZCKJA0BZOUF9,4,1396051200
8288878881,A5ZMP3Q4FYHTI,5,1395964800
8288878881,ABGQ3LNDE1VM8,1,1395878400
8288878881,A329C4AS08XXKT,2,1395705600
8288878881,A12Q3NICZ3SEUP,3,1395360000
8288878881,A2GHFLDZXSTPSF,4,1395100800
8288878881,A1UDGC5VJ8Y8W,4,1394323200
8288878881,A1B89X1UPC8ELH,5,1394150400
8288878881,A4Y4TYV2H8IYY,1,1394064000
8288878881,A16JIGMD47AZEX,3,1393718400
8288862993,A2IPLR4RX7GXHB,5,1368057600
8288862993,A3INXO7B6II2AL,5,1367798400
8288862993,AY5DF2QCRXO5M,4,1367798400
8288862993,A355D32EWWLSOL,5,1367539200
8288862993,A3JWMMSSM5UJ0C,1,1367539200
8288862993,AHYO3UQ2W37SP,5,1367366400
8288862993,A3IVP5IWXS2LHB,5,1367107200
8288862993,A277TTHGSJZUD1,5,1366848000
8288862993,A3OGA381QNJVUE,1,1366243200
8288862993,AKBMP0LUPOS2H,3,1366156800
8288839150,A34JKODTSKCGEN,5,1329523200
8288862993,A1USWC8QEJK6EW,5,1365897600
8288862993,A1Y9ZKDSBB5WIC,1,1365897600
8288862993,AZ7KIJC9CEZY6,5,1365465600
8288862993,A1KK7DM3T1LRHT,5,1365292800
8288862993,A1AE1S7I9QRD8S,1,1365292800
8288862993,A8YPUTTE7SIM4,5,1365292800
8288862993,A33AY72FUJY491,4,1364947200
8288862993,A2IHNEY3PF7NQA,5,1364774400
8288862993,ADZ6MMQPPTDKI,5,1364601600
8288862993,A3ALCTPT23IL9O,3,1364083200
8288878881,A2NPI4J9W1OY3M,5,1393632000
8288878881,AWH3T44OU8BC4,5,1393545600
8288878881,A3K94SFIJ2ZOUG,5,1393459200
8288878881,A2D6M3LVO8EMAX,2,1393459200
8288878881,A9VSE6MXTIJMT,5,1393113600
8288878881,A2M0PA0A3AGN98,5,1392854400
8288878881,A21QSAKAWZ7BFQ,1,1392768000
8288878881,AFQ4YGTKGTKFS,1,1392595200
8288878881,A1YTK4V31Y4EEX,4,1392508800
8288878881,AKY11YJO745DL,1,1392249600
8288878881,AK0S77B1KDMO2,5,1392163200
8288878881,AZ2ZBPOV77TSH,5,1392076800
8288878881,AXLJNYOUP7326,5,1391990400
8288878881,A3OSXSYPP2SANN,3,1391990400
8288878881,A17FZI5H7KRFG2,3,1391644800
8288878881,A1W3MB5WXPTI0O,4,1391126400
8288878881,A4OLY9GHXW6GI,5,1391040000
8288878881,AFRWXEHK151Z1,3,1390780800
8288878881,A2U8ZACYHM1BWJ,2,1390262400
8288878881,AL64231B2NYB0,5,1390176000
8288862993,ACJ8QMHRTF4AZ,5,1364083200
8288862993,AAQPXLRYWA63C,1,1363910400
8288862993,A3D9FFOGJFB4KY,5,1363910400
8288862993,A393YD0H7HUPSK,4,1363910400
8288862993,A1JUZ1FVF06U2C,5,1363824000
8288862993,ADN8X71DGDNUQ,5,1363824000
8288862993,A1718L78QHNDXV,5,1363651200
8288862993,A6PZ5NDM3R9FE,1,1363651200
8288862993,A2K3SHXTJGR1OP,5,1363564800
8288862993,A1M1U4K3UUVQR0,5,1363564800
8288878881,A6HO4THMV9U7U,1,1389571200
8288878881,AC7E654M0G9VS,5,1389052800
8288878881,ARJ1QQJZLK53Y,2,1388707200
8288878881,A12IE2PG4TVWL9,5,1388534400
8288878881,AVRI1Y6CXWN42,2,1388361600
8288878881,AD1V9I6JJAAOX,5,1388275200
8288878881,A1N8K3Y3ZLBWTP,1,1387670400
8288878881,A1KKRUIWA6QB9L,4,1387411200
8288878881,A12AGWNMK0N5C3,2,1387238400
8288878881,A34W2UIT6FOXV8,5,1387152000
8288862993,A2CWOT6QJK42B,4,1363478400
8288862993,A2PQXYR55SYQ9V,5,1363392000
8288862993,A373FDWSKFUB0L,5,1363219200
8288862993,A3JBBJPHJM0OGM,1,1363219200
8288862993,A3RVAH5QFNM7KQ,5,1362960000
8288862993,A2YG7LY1MJK8TY,4,1362873600
8288862993,A2FQ1XUSAWZCZS,5,1362787200
8288862993,A2E3FIPDW1OASK,5,1362528000
8288862993,A3HW5L8PNXKSBR,5,1362441600
8288862993,A205QUL9U5JT2H,2,1362355200
8288878881,A1G4QWQPGW6KVL,5,1387152000
8288878881,A3NFZ2W8CYPW1A,1,1386720000
8288878881,A3C3EKFCT02CJA,4,1386288000
8288878881,A20UFJDH0EMBIH,5,1386288000
8288878881,AMRDTNWVIFLAF,1,1386201600
8288878881,A2GQ1DJ88ECSKX,5,1386115200
8288878881,A274Q2VLIUKR29,4,1386115200
8288878881,AWI9M3E9VKZG9,5,1386028800
8288878881,AJGR23V4M0ZNJ,5,1385942400
8288878881,A3BTPPC7YWF47V,5,1385251200
8288862993,A8BZOX099MXQY,3,1362268800
8288862993,A38DMAFC0F5UT8,1,1361836800
8288862993,A2YOBX4HV0SZVJ,2,1361836800
8288862993,ASJSCTAE75T0X,5,1361664000
8288862993,A14YIXHAK2PAFU,1,1361664000
8288862993,A2P3GMT0RCRONU,5,1361664000
8288862993,A3402T3O6TDMGT,5,1361404800
8288862993,A31OK4F4H76HXO,4,1361318400
8288862993,A3UDQ7SHO2DXZ4,4,1361232000
8288862993,A3ATMCULIWEUXW,3,1360713600
8288878881,A31ZN43NL9SQP4,5,1384905600
8288878881,A1BBHBPA2X7JNT,3,1384819200
8288878881,A1OAI6S5NBQLHV,5,1384646400
8288878881,A1W7T37NSUFURN,1,1384473600
8288878881,A1ZW001YAZOLNS,1,1384473600
8288878881,A29ENTF5JHJKN1,2,1384300800
8288878881,AW4FTI92TVQQQ,1,1384300800
8288878881,AU563P4FMA57L,1,1384214400
8288878881,A184XSBVUR7HN1,5,1384041600
8288878881,AP0GP8AR012TI,1,1383868800
8288862993,A1KKNLR3C8SHOH,1,1360540800
8288862993,A3CE3H6KUNR6BN,5,1360281600
8288862993,A3628HU4AQM4NZ,5,1360108800
8288862993,A1JL1F97GSNCDT,2,1360022400
8288862993,A1JP22ADH8ANLM,3,1359849600
8288862993,A2LEDELOP0WOVX,1,1359676800
8288862993,A2RLWYYMHY1PCQ,1,1359590400
8288862993,A2EOME7GC2LHLP,4,1359504000
8288862993,A1X5Y5NQE67ZZZ,1,1359331200
8288862993,A10860VQHSWUQ7,5,1359244800
8288878881,A32VWF0GBEUU4S,5,1383696000
8288878881,A4J4N4WFC64I4,1,1383436800
8288878881,A181DZL2Y6XIU4,1,1383091200
8288878881,A2XBGTP5GPIGWV,5,1382918400
8288878881,A12I9I5NS02DS3,5,1382918400
8288878881,A2O9YQ4ZFTOFOI,3,1382918400
8288878881,A16058AULTBJPM,5,1382659200
8288878881,A3QAG9PMIRZMFU,1,1382572800
8288878881,ALXJ9ENEYQF7H,5,1382486400
8288878881,AQJKXF1100PXO,2,1382486400
8288862993,A34XG1E1DE0EEP,5,1359244800
8288862993,A2DC8AELD6Z4G0,5,1358726400
8288862993,A2PQF6ZILB086S,5,1358640000
8288862993,A30XEY47DFYB7U,1,1358380800
8288862993,A342WHV473NQO6,5,1358035200
8288862993,ARSOJONKFZJ09,2,1357776000
8288862993,AW9NT7D2EBBYC,5,1357776000
8288862993,A3IPHON53YDND4,5,1357776000
8288862993,A2F7E9LKWUVJ20,4,1357689600
8288862993,ARIZCKH460K7R,5,1357084800
8288878881,A3AEAFSX18SOED,5,1382313600
8288878881,A37KJRTEZ2CTT8,5,1381536000
8288878881,A190302PAJH16Y,5,1381536000
8288878881,ACKJCFRH0OB8C,2,1381449600
8288878881,A1E2W73ADCRLB8,5,1381363200
8288878881,A1EOZHCBV7W0V1,5,1381190400
8288878881,A2WMVMYSQEYBQU,5,1381017600
8288878881,A1ZUZ1K5ZMV977,5,1380931200
8288878881,A33BN4H19I61AT,5,1380931200
8288878881,A2OLBLFE924S09,5,1380844800
8288862993,AN1V6HQO10CPM,1,1357084800
8288862993,A3CNCUAS8RR9AY,3,1357084800
8288862993,A3GWBA2C79FNF0,5,1356739200
8288862993,A1Z1WSAJJSFJ4A,5,1356739200
8288862993,A3FX2PH0MMJGTV,5,1356652800
8288862993,A2LC2M53JRXCJM,5,1356652800
8288862993,A2MGIOIZHJSNPA,2,1356566400
8288862993,A1U0UNOOR5RWRE,5,1356307200
8288862993,A4OR5TVZHE24D,3,1356220800
8288862993,A30A2PK2OULM28,5,1356048000
8288878881,A3ARKGHF6LHFV,5,1380672000
8288878881,A2BEW6CMZMOU19,5,1380672000
8288878881,A4IRZQ51EIDW,1,1380499200
8288878881,A1QT1XYYBWXK7K,5,1380240000
8288878881,AFOXC8AJKBTZU,2,1380240000
8288878881,AGOO1YZ6753XI,1,1380153600
8288878881,A1RC5G002IJY5S,5,1379980800
8288878881,A2VUJD0EYO2PJO,5,1379894400
8288878881,A1YWN1XIKU74Z7,5,1379808000
8288878881,A1X0UA4QTU5GQS,5,1379721600
8288862993,A1EL2PFR7A9DX9,1,1355875200
8288862993,A3OGZSQVBF1X1O,5,1355788800
8288862993,A2X4478R0TCQSF,5,1355702400
8288862993,A2TBMJTRQJ373Y,3,1355702400
8288862993,AZ8LXVROC9W3S,4,1355616000
8288862993,A2NZYWHD8TN2IN,5,1355529600
8288862993,A3O1B53UML7WBD,5,1355356800
8288862993,A3SWYAUDQ341JQ,5,1355184000
8288862993,A3KUXQ8TR97MF9,5,1355184000
8288862993,A19EOU9LDRSBM9,5,1355097600
8288878881,A1JDH6GHMW3MV6,5,1379635200
8288878881,A20O9EQP31H8HN,5,1379462400
8288878881,A14OLKIKJZ2D6Y,3,1379289600
8288878881,A8VZK3R9CP6YP,1,1378857600
8288878881,A192DI4BGXAM4U,3,1378425600
8288878881,A38Z6AXXVW5EWR,5,1377993600
8288878881,A2QZU078NHC3YR,5,1377561600
8288878881,AHLHW1W2CCPNK,1,1377388800
8288878881,A93KBVTZJ13MO,5,1377388800
8288878881,A1NDDA6O5925NU,1,1376956800
8288862993,AVCT346ZLQR6G,4,1354579200
8288862993,A27Z5ZH6UGUE9Z,1,1354406400
8288862993,A1VEC12EGN1QDJ,5,1354060800
8288862993,A2D7TK4U45FLKB,5,1353801600
8288862993,A2WWPT3ZKCQHOM,1,1353542400
8288862993,A1G3L0BTDWD5J4,1,1353542400
8288862993,A1D1IC7210ZMIX,5,1353369600
8288862993,A38TM0F0RVY906,1,1353196800
8288862993,A149TI51XKD59O,5,1353024000
8288862993,A19Y4F58OHYHL8,1,1352246400
8288878881,A2NX3QL2R1QEWY,1,1376956800
8288878881,A312882RLT64P1,2,1376611200
8288878881,A1OWF83REX5I7M,3,1376352000
8288878881,A2MWRHD5EWMVQB,5,1376352000
8288878881,A3D4ICVHIWNLDZ,3,1376265600
8288878881,A9E6U3ZKA2CJF,5,1375920000
8288878881,A3EISAH7M514JT,1,1375920000
8288878881,A2BTI59ON0XQDC,5,1375660800
8288878881,A1GS1EX68K53ZS,3,1375574400
8288878881,A2RLVPO9EFZ9JB,1,1375574400
8288878881,A3CP7U8Q8YFDIB,4,1375574400
8288878881,AF4TP6Q95CMLA,1,1374969600
8288878881,A135P3UDTEDH86,5,1374883200
8288878881,A2L9SN26YK873C,1,1374883200
8288878881,A1L9GBYHQWKCDA,5,1374710400
8288878881,AR590CNH1WLQ6,1,1374451200
8288878881,A2DESDFHS6DUPU,3,1374364800
8288878881,AGA95643KP1VV,4,1374278400
8288878881,A1EHT8IK5CCEQD,5,1374019200
8288878881,A1MRUSYP0QCEN,5,1373587200
8288862993,A1EMTAHR9QCEZ7,5,1352160000
8288862993,ASEGYSHZH0FCY,2,1352073600
8288862993,AUKO84XXJT39S,5,1351468800
8288862993,A132JYOPIAOJSN,4,1350864000
8288862993,AO1UAWGJTPAL1,1,1350432000
8288862993,A36SRVZKONYGP7,2,1349222400
8288862993,A3E9RXX2Z6DNA1,5,1349136000
8288862993,A3ODQQDGMRX3UV,1,1349049600
8288862993,ANI234P9J3P5P,5,1348963200
8288862993,A2159VXXB71OY5,5,1348704000
8288878881,A3HGR8E77NTQPF,3,1373241600
8288878881,A25LSO9YSYBNWS,4,1373155200
8288878881,A1Y3YLHX4JWK6R,3,1373068800
8288878881,AOZS9VCEFCJ8I,1,1373068800
8288878881,A159OEF07SNRXN,1,1372464000
8288878881,A31K5UD26QR97H,1,1372377600
8288878881,A3OPT0RWDL27CR,1,1372204800
8288878881,A22UI48SFAD5T1,5,1372118400
8288878881,A1NUZMWTKX0QZX,1,1372118400
8288878881,A3H0043HGGNLEN,5,1372118400
8288862993,AO9VT2C8L7VHN,4,1348531200
8288862993,A3X9CLNNJCVGG,1,1348358400
8288862993,A31409URJOX0AL,4,1347840000
8288862993,AHCVB1FVFC0V8,5,1347753600
8288862993,A3G849MTBJ1W9T,4,1346716800
8288862993,A30AKM3UOZEME3,5,1346630400
8288862993,A3QDE7F6DWV42Z,5,1346198400
8288862993,AOFNWZDU4HC0X,5,1345852800
8288862993,A1WFT5QJHXG5UL,5,1345507200
8288862993,ATJ3HL880VNQF,5,1344729600
8288878881,A1RN10T40IZ1GG,5,1371945600
8288878881,AEEQW30ITUA14,5,1371772800
8288878881,ACLDDGNN8YGIT,4,1371772800
8288878881,A2NDSETRZ0MK4I,5,1371772800
8288878881,A3BGA740CRLIWF,1,1371686400
8288878881,AEA9ITJ4QT1A1,4,1371686400
8288878881,A1Q4K2ZJKQ148U,4,1371340800
8288878881,A1QX15GN2R8URF,4,1371168000
8288878881,AN0JF45GM8LE3,3,1371081600
8288878881,A1VUTZ8FFAWFH6,5,1371081600
8288862993,A1RN10T40IZ1GG,4,1344643200
8288862993,A27QQZUZDWA9UL,5,1343174400
8288862993,AHJ1WUZK6FLC2,1,1342742400
8288862993,A31CW55FXGD8OW,5,1342656000
8288862993,A1LO8B8SOUWFZ8,1,1341705600
8288862993,A2JPXFE13FVGEV,1,1341360000
8288862993,A2ABL7L3VMBYCE,3,1341187200
8288862993,A3KSPXQ63D4Z96,1,1340755200
8288862993,A3CRY0UN4PF4CR,5,1340323200
8288862993,A12FX3URJRP5HE,5,1339977600
8288878881,A2AKD41W8ICWLE,5,1370995200
8288878881,A1UFIP6V2UFGT2,1,1370908800
8288878881,A1VRT3CESPN3ZN,4,1370822400
8288878881,A1AV57LNAD4769,3,1370390400
8288878881,AR9RJ24YAMW8P,2,1370390400
8288878881,AZRLKXHT3AV2U,5,1370390400
8288878881,A310ZNCZJ1YW0O,1,1370304000
8288878881,A2QRJPULOAUKAR,1,1369872000
8288878881,A2SZWLFTHPHPXL,5,1368921600
8288878881,A3R8U06H725XVM,2,1368748800
8288862993,AJHMAJA8H1P90,5,1338768000
8288862993,A542L6CUUMFSV,1,1338768000
8288862993,A2VYEWFXU0J57X,5,1338681600
8288862993,AZ8CIIZS3IOYY,5,1338508800
8288862993,A108ZQZZ4D8BC4,5,1337817600
8288862993,A3OX5VMTW631J5,2,1337472000
8288862993,AAM7Z8QYP5JLI,5,1336608000
8288862993,A14DGA3RRGM1RR,1,1336262400
8288862993,A1KI2ETQ5G41ZS,5,1336089600
8288862993,A18ELSI3X0Y2B8,1,1336089600
8288878881,A3MU9UNQ2LT08Y,1,1368662400
8288878881,A3LK7NALLJ79NQ,3,1368576000
8288878881,A1TAG2F9AGZLE8,5,1368576000
8288878881,A1W3Y5LC7X8HK7,2,1368403200
8288878881,A9KWJIAWQJCM8,1,1368403200
8288878881,A3RXWGHK3K834G,5,1368230400
8288878881,A2I401M0MLX0MI,1,1367971200
8288878881,A22V4E2FSIYQXD,4,1367712000
8288878881,A20XPUEYSYQEYH,5,1367539200
8288878881,A1BZ6NW9OPL0EG,2,1367452800
8288862993,AQ7UOJZSJTEEL,5,1335916800
8288862993,A23OZ5MG2I4F4Z,4,1335571200
8288862993,AFZYIPBVRBYVY,5,1334620800
8288862993,A1MMG8KULGR0G8,5,1334448000
8288862993,A31C92M4RRFY4O,5,1333843200
8288862993,A33CK9OFDUOVJ,5,1332633600
8288862993,A2CY4TDPWVHM29,5,1330214400
8288862993,A1EIVGZZZE6NAC,4,1330041600
8288862993,A2G53TG2JML2KM,5,1329609600
8288862993,A3BP9L5F7SUT87,5,1329523200
8288878881,A2RW16ADOW2VIU,2,1367366400
8288878881,A2SJ4L78G3Y8OC,1,1367280000
8288878881,A2W6IEQ9TBAKDW,5,1367193600
8288878881,A28MZJCL4ODG6G,4,1367193600
8288878881,A3TA70PLXVZQCX,3,1367020800
8288878881,A2YHAI3EQ97A,1,1366934400
8288878881,AJ89A93GLGTO0,5,1366848000
8288878881,A3KWZRNY2OMBNM,2,1366761600
8288878881,A4LALQCZELU79,5,1366675200
8288878881,A380NYL4BL7PGE,5,1366588800
8288878881,A1FS5Q9PGUB3QD,5,1366502400
8288878881,A202P64MYQDRCK,5,1366329600
8288878881,A204NKRUC0ZYZ9,5,1366156800
8288878881,A1A2GP9SM4GCPD,1,1365897600
8288878881,A2PIDEPE9C8N2K,3,1365811200
8288878881,A3D1F28RDA23QA,1,1365552000
8288878881,A17SIQXZZOV4VE,1,1365552000
8288878881,AQ0OC3TUCB2G1,4,1365465600
8288878881,A13AIMAD2V4DGX,5,1364947200
8288878881,A13FAQ4DOS9ARA,1,1364947200
8288878881,A2YEVYLHIIOGY0,2,1364947200
8288878881,A1CDOCKHCDJCMU,5,1364860800
8288878881,A1KGXIVSPI8ZBR,5,1364860800
8288878881,A205F1NHJXIX29,5,1364774400
8288878881,A1PLWE2F72OEEP,1,1364515200
8288878881,AH3WOTN4S5CNW,5,1364428800
8288878881,A2UXY3M9PXVX2W,5,1364428800
8288878881,A12B7P0LP6OUBQ,1,1364256000
8288878881,AUI5SI0WGWDVL,5,1364169600
8288878881,APTBVUJX3IZF9,5,1363996800
8288878881,A2YXSM8HAXCWTN,2,1363651200
8288878881,A3GQT437XL4WRH,4,1363564800
8288878881,A36GT1GAJ383C0,4,1363564800
8288878881,A2Y9QEMMVNZKDA,5,1363219200
8288878881,A2HNLYHKTYL3CD,4,1363219200
8288878881,A13M41G6SJWWTZ,5,1362873600
8288878881,A17WFJVORLU2DO,5,1362614400
8288878881,AAD5K3YL7VFXQ,5,1362441600
8288878881,A2Y842YLQCXQE7,5,1362182400
8288878881,A1ANZ9SYCZKV2L,4,1362096000
8288878881,A65PDEC4QDO7C,5,1362096000
8288878881,A1S46NBGONHJ70,3,1361923200
8288878881,A3CD4K224AQD0H,5,1361577600
8288878881,A2H4G4PIHNNR0Q,5,1361318400
8288878881,A2A7QC6BGD3XVD,5,1361145600
8288878881,A3F2BHFD3UV3IW,1,1361145600
8288878881,AQJNG6YBMZNCD,5,1361059200
8288878881,A3L1065MO1AWUI,4,1360972800
8288878881,A2EAP2JZR5S1O6,5,1360713600
8288878881,A2NM24GUJRXI7,2,1360281600
8288878881,A25VXOED42UQ71,5,1358985600
8288878881,A3SMA7WR0634Q0,5,1358985600
8288878881,A1LBEL3NLT7WKZ,5,1357516800
8288878881,A20E63E9VD1OK1,4,1357344000
8288878881,A1LGRFUBDU4TLW,5,1357171200
8288878881,A3UFOTSB0NV5QO,4,1356480000
8288878881,A1NQPKWTBDALQE,5,1355961600
8288878881,A1U7MUGB1CWLZW,5,1355356800
8288878881,A33DWJHV47CXRS,5,1355184000
8288878881,A9V36DB4ASBKQ,4,1355184000
8288878881,A19EOU9LDRSBM9,5,1355097600
8288878881,A124A43JK2HDN6,3,1355011200
8288878881,A3PPQGIVLGW8Y8,1,1354838400
8288878881,AW9511RG7OTEE,5,1354838400
8288878881,AVCT346ZLQR6G,5,1354579200
8288878881,A3O2TSYCE231UL,5,1354579200
8288878881,A1ZH1M8AEDJDAX,4,1354060800
8288878881,ALOJ76ILLNTWE,5,1350345600
8288878881,A14EISDNDYOTXJ,5,1349481600
8288878881,A3NIIV8D33X1NO,1,1349136000
8288878881,A3R3CYH25DRZRX,5,1348790400
8288878881,A16QPIMII1OTY3,5,1348099200
8288878881,A1ANIACGPMH5F9,4,1347840000
8288878881,A31409URJOX0AL,5,1347840000
8288878881,A2SIC6E4T2PKUW,5,1347235200
8288878881,A2B9BP6VJWSF42,1,1347062400
8288878881,A3FRWG9YE4UFWE,5,1345939200
8288878881,A3R5FYBQX2TCK0,5,1345939200
8288878881,AF8H1VOB7C56I,4,1343692800
8288878881,AZIN9ATSFV0ZG,4,1343001600
828886922X,A22FGX4FB100DD,1,1307318400
828886922X,A1533UHM87FNCQ,5,1307318400
828886922X,A5QL4IPAEN1BE,5,1307232000
828886922X,AD6EZBV2ENNF4,4,1301961600
828886922X,A17FUIZNSYZQZR,1,1301529600
828886922X,A78EEBNG60GQU,5,1296777600
828886922X,A36B6MSLIJVNPM,4,1322524800
828886922X,A1X6CQMDP6ZNVD,1,1321920000
828886922X,A3CXMV41RQC5PA,5,1320105600
828886922X,A160QVAYCTI1NE,5,1320105600
828886922X,A3E7KD9ZPP0ERF,5,1317340800
828886922X,A1VXC1L7GLZ2JI,5,1314489600
828886922X,AMB05V6ZM0XEM,2,1314057600
828886922X,AJYT80QZY9TZ1,2,1313798400
828886922X,A2ICSVKGFRVFDF,1,1313107200
828886922X,A2XN5QCJ89GYIM,5,1307404800
828885382X,AMDXD89YAXNM9,5,1296259200
828885382X,A15ZGY4JWGKT3Y,5,1295308800
8199900164,A3K5FOS80DGVV7,4,1329177600
8199900164,ABXO44EN8F7A2,5,1322697600
8199900164,A36DCPLW04XWUX,5,1318291200
8199900164,A3I5JFOOQ11WIC,4,1316649600
8199900164,A2MT8U4M7X2HNI,5,1316044800
8199900164,A3KSS0U7SSNOWZ,5,1313798400
8199900164,ATVTJSKVWZ83Z,1,1312416000
8199900164,A2IMYZMT6VIPT0,4,1299456000
8199900164,A1RGCOEVZJCCX5,5,1407888000
8199900164,A2A9EIBPFAZOWO,4,1375228800
8199900164,A0617213KGAVUMXH6NK4,5,1371081600
8199900164,A3JV1ZMQUIOTFH,5,1368057600
8199900164,A28H4A50VYU0DJ,5,1358208000
8199900164,A1HG5VMQ5I7AEN,2,1355961600
8199900164,AZHB6EDBHXVUB,3,1354147200
8199900164,A1DR9MC0F2YDX0,5,1354147200
8199900164,AQVBB9BOQRYVG,5,1353283200
8199900164,A2CH03OSIJI3HI,4,1330473600
8282000477,A2J61ME3W8WQCY,5,1349654400
8282000477,A4H7KWLOIP1UC,5,1341187200
8282002763,A12GKZJMIHSE6P,5,1403308800
8282002763,A2NPTADWCWAF10,5,1402790400
8282002763,A1DF8E9PI10EIT,4,1401840000
8282002763,A3B11B3QXHBU5D,5,1400457600
8282002763,A1XLT9BMNWOSC7,5,1398729600
8282002763,A2K7ARXA7X6FGJ,4,1395187200
8282002763,A3P0YJMG5A94JX,5,1359244800
8282002763,A1WO7U0Q2Y72FW,1,1356998400
8282002763,ACE3D7TJ6Y52C,5,1355961600
8199303034,A1UKOIEJTS31BT,5,1315785600
8199303034,A3HSHR1R4ZM5FK,5,1308009600
8199303034,A3RZ1NQ0AZHUI3,5,1292803200
8199303034,AW5FDBYC9J5I0,5,1279238400
8199303034,A1M6PG3PAO3S50,1,1269302400
8199303034,A1XH3SAXACLSTA,1,1268438400
8199303034,A9NXTC0HTPSDO,5,1267833600
8199303034,AVHY7PPSERUHV,4,1264291200
9578085451,AN2GBDPALLNJG,5,1348790400
9578085451,A1NK9HV1ZZENN3,1,1346284800
9578085451,A2OI41S2KT6983,5,1339718400
9578085451,A3FPXVHU8YTMPE,3,1403308800
9578085451,AJHZWHWNSZN9,5,1402790400
9578085451,A2D15JW4UMC5YI,5,1393632000
9578085451,A83Z20BWVQ1TU,3,1385510400
9578085451,A1QOQHI6TA77CL,1,1380412800
9578085451,A3173Z7G7KW6RC,2,1379548800
9578085451,A26E7I1MH0YKZE,3,1378425600
9578085451,A1URORI5BDUIZV,1,1376006400
9578085451,ADUABEKYIDXI5,5,1373500800
9578085451,A84B41LI1TRJW,5,1368748800
9578085451,A2W8IB6BC8Y34,4,1368662400
9578085451,A30O70P4BLGIEY,5,1367884800
9578085451,A3HK1D13EF2QA6,5,1365120000
9578085451,AAC67P4KTM968,5,1364601600
9578085451,AYTM62BOJH2TE,5,1363305600
9578085451,A1BPHHCXINNMVC,5,1360281600
9578085451,A1N4HRP6BS91FT,5,1359590400
9578085451,AKV6VXEEXIG6E,5,1358553600
9578085451,AH85CPT394E0Y,4,1356480000
9578085451,A1OF11JH3PMOX2,5,1356307200
961301375X,A2VJPQJFMHTG63,2,1393632000
961301375X,A16GW79WGED1YT,5,1393459200
961301375X,A3T4VNXLWEFRQH,4,1393200000
961301375X,A1TNHWAM2GJ08G,5,1392076800
961301375X,A1VKXCAEE3U81Z,1,1391558400
961301375X,AXGPQOWI0CF39,5,1391212800
961301375X,A2CYIOV7NLGKEF,5,1388620800
961301375X,A3P9H5BUL5E4SV,5,1388102400
961301375X,A3CYG5XIUPPIBJ,4,1387756800
961301375X,A11RM650DZWNWY,5,1422835200
961301375X,A3HEVTOJI4W5G3,5,1421884800
961301375X,A8V29BB11QGSQ,5,1421452800
961301375X,A1YYGWU1MWM9SM,2,1420761600
961301375X,A1SI6TJGULNBSM,5,1420675200
961301375X,A2YT19KCY2DY0P,3,1420588800
961301375X,AAYN2LOS0MVDG,1,1419984000
961301375X,A3HWNZ6LR2X1ZG,4,1419638400
961301375X,AUR88D6C2IH89,2,1419379200
961301375X,A4BNIHP211K1S,5,1418947200
961301375X,AZ9XBF61OEOOT,5,1418774400
961301375X,A1KGX6ZUP9BVIZ,1,1418515200
961301375X,A2WWMZ88JUBU3N,1,1418169600
961301375X,AOHASJ2MVH4ME,2,1418083200
961301375X,A3ROQSLJGU0TNQ,2,1417910400
961301375X,AHWM5I4D011NY,3,1417132800
961301375X,AOBHJB5YWJCH4,5,1416787200
961301375X,A1PSZF5UAWW04G,5,1416700800
961301375X,A1F8DJA3QMB48W,1,1416614400
961301375X,A30C5C9DR4B2BF,1,1416441600
961301375X,A2WKXK1SZ0OQLU,5,1414454400
961301375X,A1DG7L8IJRQ3T8,5,1414281600
961301375X,A121CHNZI28J6D,4,1414108800
961301375X,A2XRUD78HZ1MFZ,2,1414022400
961301375X,A1VD4MZCITVSKK,1,1413763200
961301375X,A3BH0G750NO10Q,5,1413590400
961301375X,A33ROUBW5EI0T8,4,1413417600
961301375X,A2FU0RR7G0I0BK,5,1413158400
961301375X,A1NXHI6AS9YSY7,5,1412812800
961301375X,A38CAELIAI2CYI,2,1412726400
961301375X,A1LWEFPD50LN3G,1,1412640000
961301375X,A3E99MTYTK1YQ9,4,1412553600
961301375X,AFY19J0GJK6LG,4,1412121600
961301375X,A2AIFXCQBJG39A,2,1412121600
961301375X,A11QLZCBWA2ZLB,3,1412035200
961301375X,A1NBLAYTJMFNK4,5,1411689600
961301375X,A1HI9F2Q1JZN4L,2,1411430400
961301375X,A2QBSHXBYY3447,1,1410998400
961301375X,A1MI6ZRCVR7UFX,5,1410912000
961301375X,A2RSA1EPC869ZS,5,1409875200
961301375X,A269D5WCQBDL56,4,1407196800
961301375X,A1IY16RSI3S3I,5,1406764800
961301375X,A2FBQCIU4KSYPZ,5,1405123200
961301375X,A27C0GSPK7HWD5,1,1403568000
961301375X,A1PGLLOERIF5DJ,5,1403222400
961301375X,A3JD13BMG9N33C,5,1402185600
961301375X,AMKQLNPFQ31KD,5,1400889600
961301375X,A2EP4PMBS78D5F,5,1400371200
961301375X,A3U5PQP1FIGBAH,1,1399334400
961301375X,A17EZ2V5C4D4AI,4,1398816000
961301375X,A21P9B14LDI56B,4,1396396800
961301375X,A2JIW2GHBSSOZP,5,1396051200
961301375X,A2FSNVND1000RV,5,1395878400
961301375X,A1XLU0D5MEZIM5,5,1395187200
961301375X,AHM85RT3CKIAD,3,1395014400
961301375X,A1D64WB1IRS88Q,2,1394496000
961301375X,A1TW5SW3X9HVL2,5,1394409600
961301375X,AMGU3JP1CHFAC,5,1394150400
961301375X,A2BCTQIJDA545G,5,1393891200
961301375X,A1GM45CG7CBM22,2,1393804800
962886436X,A1Y6QWGQUREDYE,2,1241827200
962886436X,A3EBFBE2L2PNGL,1,1241222400
962886436X,A3KR6JZDDS2BQC,5,1239667200
962886436X,AXBQJCMT21470,4,1238112000
962886436X,A2TL3YD6W8Z87X,5,1235779200
962886436X,AQ9HAVTJQV4FW,3,1231977600
962886436X,A1JSYQ47YYHYO7,1,1259971200
962886436X,ACF98IFZBCP51,1,1259712000
962886436X,A3O1PWEBQ7D2ZX,4,1259452800
962886436X,ACID6HCOB3CNT,1,1257811200
962886436X,AR2UYT6LM415W,3,1257292800
962886436X,ASSCO8GHYLLEB,5,1256515200
962886436X,A3I2KQAJ6MYJZB,2,1253577600
962886436X,A3L9BLA0JZJNM0,4,1252886400
962886436X,A25BO7CNCS0QD9,2,1251590400
962886436X,ABT1CYGAZHORZ,1,1250640000
962886436X,A1H8BPAHKWAAD7,4,1250553600
962886436X,AFS4HT0UHM38C,1,1249948800
962886436X,A3P1ZYBOK4DKU9,5,1249257600
962886436X,A2MSS6DJUHN3HF,3,1247011200
962886436X,A1K6GVA1VCSS7R,5,1246838400
962886436X,A17RUNQAKNIRQM,1,1246838400
962886436X,A391YI96T04UUP,4,1245888000
962886436X,A1XXYC7TNXE6RE,1,1243555200
962886436X,A16HHYO60N2AUN,4,1242604800
962886436X,A1EOFBDEIHZMGV,3,1242259200
9638762918,A2501X93XN0UBJ,3,1430265600
9638762918,A2TELYBZQK9MAN,1,1428883200
9638762918,AB82W81L15QV0,1,1428537600
9638762918,AUP84XK2Q3OIO,3,1427414400
9638762918,A3O82F7YWL9DQ5,1,1423353600
9638762918,A2ZK3GZ0PHB07H,4,1474243200
9638762918,A1RWQDNVJ9Z9YG,5,1473379200
9638762918,A3BHH7A3HQ8M7,5,1473292800
9638762918,A19X4IOUWECAQZ,5,1472428800
9638762918,A2DOUFBF21E40P,5,1470009600
9638762918,A1W2EGUPW8OYH4,1,1468454400
9638762918,A2A5860NQ9TSVM,5,1466899200
9638762918,AP9K8XWN0ODWH,1,1465776000
9638762918,A3ONSGZXCCO3WY,3,1464912000
9638762918,AASEDLETEINON,5,1462838400
9638762918,AO73BMHPC32I0,4,1461110400
9638762918,A19RA3RFF1B1ZO,1,1457049600
9638762918,A3CWOLNHARU5X5,4,1456963200
9638762918,A3Q20EJOGJZGSI,3,1456963200
9638762918,AWJLJQD0KBID8,5,1456790400
9638762918,A16PVELKKX2C29,3,1454284800
9638762918,A26M0VHKDG7D66,5,1453161600
9638762918,AMQ76UD97T3VI,1,1451952000
9638762918,AYNSKFXZTWQMZ,5,1450742400
9638762918,A2ZEU4673OSIIG,5,1443139200
9638762918,A2XEBUU45GWN55,3,1442188800
9638762918,A3D5OTRVNXEVNJ,1,1442016000
9638762918,A1HC8IDO9X1H41,3,1439164800
9638762918,A1YB78YKXH1KMR,2,1437091200
9638762918,AOKEC15DAY0RD,5,1436227200
9638762918,A140XYNY10C90R,5,1435622400
9638762918,A2GJL1E8J9QZ5D,4,1435190400
9638762918,AEVSOCPNKMZZT,5,1434240000
9638762918,A35RO7LTVT9GAM,4,1433980800
9638762918,AGAGRCZ7V86UU,4,1431561600
9638762632,AXROXTRQJHKM5,2,1427414400
9638762632,A3KOPWQFM4FY1K,1,1427414400
9638762632,AIOG3H0A0UVS3,5,1427241600
9638762632,AAYMYYQD8GIGW,1,1426982400
9638762632,A3QT92JLVGTZXH,5,1425859200
9638762632,A26N2QJ0JAIHS1,1,1425600000
9638762632,A2LL18AGBIK6XW,1,1425427200
9638762632,AWQ92SMJZLNUF,1,1424044800
9638762632,ANMATY0L0HX6Y,5,1423180800
9638762632,A3O2DPHARSQGVT,5,1467936000
9638762632,AUVCPTIIXLGD3,5,1467849600
9638762632,A3N69ERBN41O4C,2,1467763200
9638762632,A2LX9MV9E5I6UM,3,1467590400
9638762632,A3AQFOXQ3AMXU4,1,1467590400
9638762632,A2G6OURH28WI8R,4,1466899200
9638762632,A2S5GLNZA9BKSO,4,1466640000
9638762632,AV8AJ99E8XLU6,5,1466380800
9638762632,A3G6E7J566ZD6M,1,1465603200
9638762632,A1ZSJCNKDQ6NAO,1,1465516800
9638762632,A3POHHKCUU983T,1,1465344000
9638762632,APZMNIWVF8WY2,4,1465257600
9638762632,A2DI4DPL98A4LH,5,1465171200
9638762632,A3F2JT5I230N3G,5,1464912000
9638762632,AWJYJ5OYKNGJ0,5,1464825600
9638762632,A2RPZKT42JXRS8,5,1464652800
9638762632,A34P29ST5NL7PM,3,1464307200
9638762632,A2OMHRT9RL1DLU,1,1463616000
9638762632,ATXHW98MIGJC7,1,1463184000
9638762632,A39WSTANW8MMCG,1,1462924800
9638762632,A3TC9Z75GYLRTR,3,1462838400
9638762632,A1E2JG1J9G7NBP,5,1462060800
9638762632,A3C2GVZWOHTFCL,5,1461888000
9638762632,A3O50XYOXA3C0X,1,1461628800
9638762632,A1UGGNS7253O46,5,1460764800
9638762632,A1SQJUZR5ENL1P,5,1460505600